"x","y","point_count","mean_height_m","sd_height_m","p25_height_m","p50_height_m","p75_height_m","p90_height_m","p95_height_m","p98_height_m","maximum_height_m","returns_above_2m_percent","returns_above_mean_percent","canopy_relief_ratio"
684770,5018010,215,12.328,7.06374885244849,4.745,14.66,18.225,19.704,21.029,21.7672,22,88.3720930232558,60,0.560363636363636
684790,5018010,270,20.4217037037037,5.30855577090876,19.25,22.085,23.245,24.789,25.702,26.481,27.2,97.7777777777778,66.2962962962963,0.750797930283225
684810,5018010,279,17.181541218638,6.04357731420649,15.15,18.6,21.3,23.312,24.518,24.9376,25.85,94.9820788530466,59.4982078853047,0.664663103235512
684830,5018010,282,15.1587943262411,4.97459896274162,13.6275,16.615,18.16,19.604,20.509,21.9142,22.46,94.6808510638298,61.7021276595745,0.674924057268083
684850,5018010,293,14.667542662116,4.91471582210442,11.87,15.09,18.87,20.248,20.764,21.0764,21.66,96.2457337883959,52.2184300341297,0.677171868057066
684870,5018010,294,14.5969727891156,5.48452561122148,12.5375,15.09,19.165,20.481,20.797,21.1698,22.2,91.4965986394558,52.3809523809524,0.657521296807011
684890,5018010,278,14.1935611510791,5.74672280630383,10.745,15.135,19.3975,20.75,20.9615,21.4146,21.91,93.8848920863309,52.8776978417266,0.647812010546743
684910,5018010,342,9.29733918128655,5.7326707063236,5.1125,10.14,13.88,16.658,17.3885,17.7718,19.12,82.7485380116959,56.7251461988304,0.486262509481514
684930,5018010,331,14.2987009063444,6.17765026953583,10.275,15.41,18.77,21.28,22.99,23.832,24.98,92.1450151057402,55.5891238670695,0.572405961022595
684950,5018010,230,15.2943043478261,6.13155359708735,12.4875,16.865,19.865,21.633,22.802,23.172,24.08,94.3478260869565,58.2608695652174,0.635145529394771
684970,5018010,172,14.809476744186,4.83140642346468,11.81,16.225,18.2025,19.699,20.858,21.4586,22.71,95.3488372093023,57.5581395348837,0.652112582306739
684990,5018010,102,15.6524509803922,4.00897296451929,15.1425,16.3,17.925,19.12,19.4375,19.947,20.67,96.078431372549,64.7058823529412,0.757254522515344
684770,5017990,570,12.3015964912281,6.59940246631964,8.09,13.585,17.46,20.464,21.041,21.5744,23.28,88.0701754385965,57.3684210526316,0.52841909326581
684790,5017990,845,16.9079881656805,7.68930136139819,12.1,19.33,23.01,25.206,25.718,26.4244,27.35,91.1242603550296,60.8284023668639,0.61820797680733
684810,5017990,759,21.4441370223979,5.62170173131502,19.865,23.02,25.07,26.27,26.793,27.3668,28.18,97.6284584980237,63.768115942029,0.7609700859616
684830,5017990,798,18.2702882205514,6.59270689724717,14.9175,20.005,23.19,25.166,26.0615,26.653,27.74,96.1152882205514,62.1553884711779,0.658626107445976
684850,5017990,768,13.490390625,6.0652453926042,9.6825,13.885,18.55,20.803,21.6995,22.3064,23.31,93.359375,51.3020833333333,0.578738336550837
684870,5017990,808,14.5589851485149,5.55586838991657,10.9975,15.285,19.055,20.619,22.026,23.8732,25.87,95.9158415841584,53.2178217821782,0.56277484145786
684890,5017990,793,14.8113366960908,6.12972157563669,11.83,16.62,19.65,20.83,21.188,21.6848,22.66,92.1815889029004,59.3947036569987,0.653633569995181
684910,5017990,751,14.7322503328895,5.4119671958771,11.935,15.8,18.96,20.24,21.31,22.42,23.37,94.8069241011984,58.3222370173103,0.630391541843795
684930,5017990,562,15.9990747330961,5.51244693004979,14.325,17.41,19.53,21.139,22.0075,22.8756,24.18,93.0604982206406,62.4555160142349,0.661665621716133
684950,5017990,528,13.3528977272727,6.12497399080212,9.5175,14.84,17.7,20.059,21.3125,22.6706,26.95,90.530303030303,58.5227272727273,0.495469303423849
684970,5017990,478,14.8781171548117,4.94263484537929,13.195,15.77,17.8425,20.431,21.5045,22.2898,23.88,94.7698744769875,60.4602510460251,0.623036731776035
684990,5017990,329,12.9640425531915,5.33828496352923,11.42,14.87,16.53,17.54,18.552,19.3288,20.03,89.3617021276596,66.565349544073,0.647231280738467
684770,5017970,491,5.249633401222,7.20175164832186,0.235,1.46,8.255,19.02,20.715,21.37,23.68,41.3441955193483,29.5315682281059,0.221690599713767
684790,5017970,803,14.834495641345,6.52636080637448,10.8,16.94,20.105,21.656,22.188,22.87,24.08,91.7808219178082,60.1494396014944,0.616050483444558
684810,5017970,755,19.1221324503311,5.56802514966611,17.505,20.59,22.77,23.91,24.843,26.1284,26.88,97.4834437086093,63.046357615894,0.711388856039104
684830,5017970,798,15.8305764411028,6.8082775782116,10.4125,17.035,21.385,23.872,24.5715,25.6118,27.09,94.4862155388471,55.7644110275689,0.584369746810733
684850,5017970,841,14.1012247324614,6.49079216298031,9.85,14.79,19.25,21.64,22.67,24.046,25.76,93.3412604042806,54.6967895362664,0.547407792409214
684870,5017970,700,17.5517142857143,5.19639061798969,16.415,18.79,20.855,22.361,22.881,23.3604,24.34,95.5714285714286,65.1428571428572,0.721105763587276
684890,5017970,661,15.0284720121029,5.64023505269012,13.09,16.69,18.83,20.19,20.94,21.758,22.79,91.3767019667171,63.5400907715582,0.659432734186173
684910,5017970,614,15.7625244299674,6.30606261893175,12.015,17.46,20.75,22.317,22.78,23.0622,24.25,93.3224755700326,61.2377850162867,0.650001007421337
684930,5017970,573,15.7983071553229,5.30907437607211,12.95,17.44,19.87,20.74,21.298,22.0448,22.72,94.9389179755672,59.6858638743455,0.695348026202591
684950,5017970,528,14.5010037878788,5.53268863957916,12.4575,16.275,18.4025,19.766,20.2065,20.8346,22.01,91.2878787878788,60.0378787878788,0.658837064419754
684970,5017970,479,14.7403340292276,4.721192527742,13.115,15.72,17.47,19.81,20.965,21.7732,22.38,94.5720250521921,56.3674321503132,0.658638696569596
684990,5017970,325,14.4432615384615,4.72928391689183,12.9,15.31,17.83,19.196,19.972,20.8604,21.38,94.7692307692308,57.5384615384615,0.675550118730661
684770,5017950,557,14.1152244165171,5.49323899305304,11.57,15.61,17.8,19.882,20.898,21.3976,22.53,92.45960502693,63.7342908438061,0.626507963449492
684790,5017950,827,13.2810036275695,5.33150275539059,9.67,14.23,17.385,19.628,20.571,21.4296,24.45,96.0096735187424,55.6227327690447,0.543190332415932
684810,5017950,802,15.4683541147132,6.61197242206526,11.51,17.15,21.02,22.628,23.53,24.1796,25.42,97.1321695760599,58.1047381546135,0.608511176817986
684830,5017950,825,14.9233818181818,5.77368154839196,10.91,15.28,19.86,22.092,23.03,23.6404,26.18,97.3333333333333,51.030303030303,0.570029863184943
684850,5017950,821,14.9609866017052,7.08246533665659,10.01,17.05,20.28,22.82,23.53,24.18,25.36,90.9866017052375,62.2411693057247,0.589944266628755
684870,5017950,735,15.4699319727891,5.79687255912666,13.26,16.58,19.64,21.326,21.979,22.6132,23.8,92.9251700680272,59.5918367346939,0.649997141713828
684890,5017950,631,16.6895562599049,5.56151738968764,14.82,18.71,20.05,21.42,22.24,23.18,24.67,95.2456418383518,68.9381933438986,0.676512211589174
684910,5017950,589,17.0368760611205,5.99177205852156,15.33,18.66,21.14,22.74,23.156,23.6144,24.24,93.8879456706282,66.553480475382,0.702841421663389
684930,5017950,585,16.8444444444444,6.33868067336124,14.88,19.19,21.24,22.386,22.898,23.3232,25.26,92.8205128205128,64.957264957265,0.666842614586083
684950,5017950,514,18.0514785992218,5.57916869663797,17.19,19.87,21.45,22.39,22.891,23.2348,24.42,94.1634241245136,67.8988326848249,0.73920878784692
684970,5017950,518,13.5007528957529,6.38467689434668,11.4075,15.185,17.62,20.631,21.6045,22.1332,22.8,86.6795366795367,61.3899613899614,0.592138284901443
684990,5017950,306,12.9858169934641,5.39572260638807,11.2025,14.095,16.8575,17.855,19.0775,20.464,22.51,88.8888888888889,58.8235294117647,0.576891025920215
684770,5017930,509,12.9810412573674,5.38888692218583,9.48,14.24,17.21,18.902,19.922,20.8036,21.87,93.3202357563851,56.385068762279,0.593554698553607
684790,5017930,751,11.9388814913449,5.35632038629166,7.89,12.27,16.58,18.62,19.535,20.4,21.02,94.9400798934754,50.9986684420772,0.56797723555399
684810,5017930,808,13.2043811881188,6.46863032666812,7.6575,14.08,18.6525,21.023,22.012,22.9888,23.9,93.1930693069307,54.950495049505,0.552484568540536
684830,5017930,740,17.5027972972973,6.57747483840035,13.625,19.565,22.53,24.211,25.11,25.6422,26.4,97.4324324324324,62.7027027027027,0.662984746109746
684850,5017930,725,16.8853931034483,6.56110437545715,13.09,18.91,21.78,23.64,24.188,24.57,25.46,95.448275862069,64.2758620689655,0.663212612075737
684870,5017930,669,19.897399103139,5.93409975748602,18.15,21.8,23.95,25.322,25.838,26.4164,27.26,96.711509715994,62.9297458893871,0.729911926013904
684890,5017930,704,18.3425994318182,7.13972501702209,15.5625,20.735,23.4475,24.827,25.7485,26.8034,29.97,94.1761363636364,65.9090909090909,0.61203201307368
684910,5017930,634,18.4733123028391,6.43102276331298,16.0625,20.47,22.98,25.054,25.8435,26.3234,27.65,96.6876971608833,60.5678233438486,0.668112560681342
684930,5017930,615,15.1242113821138,6.9051433401544,10.3,17.3,20.46,22.16,23.028,24.0904,26.26,91.869918699187,61.3008130081301,0.575941027498622
684950,5017930,563,16.0216163410302,5.62580506364287,13.885,17.83,19.945,21.27,21.889,22.3252,23.78,93.7833037300178,63.2326820603908,0.67374332805005
684970,5017930,553,15.2760397830018,5.90866917553781,12.72,17.4,19.55,20.768,21.394,21.86,23.06,92.2242314647378,63.2911392405063,0.662447518777182
684990,5017930,377,15.9954376657825,5.79876943860403,13.69,17.74,19.95,21.292,21.996,22.6036,24.12,93.8992042440318,64.7214854111406,0.663160765579705
684770,5017910,327,3.62804281345566,4.79440034678769,0,0.2,7.93,10.958,12.438,14.3908,16.19,38.5321100917431,38.5321100917431,0.224091588230739
684790,5017910,576,6.28258680555556,5.38429048987963,0.175,6.72,10.005,13.955,15.4725,17.175,19.27,65.9722222222222,52.2569444444444,0.326029413884564
684810,5017910,735,12.6230340136054,5.29400920147217,8.94,13.06,16.84,19.08,20.506,21.3832,22.4,95.374149659864,54.2857142857143,0.563528304178814
684830,5017910,773,13.4379948253558,6.21873902133843,8.63,13.88,18.49,21.372,23.278,24.1168,25.25,95.8602846054334,51.875808538163,0.532197814865574
684850,5017910,706,14.1990084985836,6.41188996445196,9.64,14.745,19.5725,22.03,22.7925,23.902,26.07,94.4759206798867,53.257790368272,0.544649347855143
684870,5017910,695,14.8451510791367,7.14939591159794,9.215,16.46,20.77,23.16,24.547,25.372,26.62,93.3812949640288,55.1079136690647,0.557669086368771
684890,5017910,648,17.3462808641975,6.27394306410959,14.9675,19.445,21.8475,23.233,24.059,24.8472,25.77,96.2962962962963,64.8148148148148,0.673119164307238
684910,5017910,712,15.2816713483146,7.14989342332965,9.33,16.855,20.765,23.619,25.1345,26.3168,28.56,93.8202247191011,56.6011235955056,0.535072526201492
684930,5017910,671,16.0209687034277,6.47767298257394,12.205,18.46,21.06,22.46,22.9,23.358,24.4,96.8703427719821,63.1892697466468,0.656597078009333
684950,5017910,626,16.6753194888179,6.3714604148314,13.8325,18.86,21.37,22.375,22.7775,23.41,25.16,94.2492012779553,64.2172523961661,0.662771044865576
684970,5017910,632,16.4315189873418,5.97092871880837,13.6625,18.22,20.8225,22.176,23.369,24.0028,25.05,94.7784810126582,60.7594936708861,0.655948861770131
684990,5017910,362,14.1644475138122,5.66066824053226,10.7025,15.595,18.5675,20.246,21.029,21.4612,22.2,93.9226519337017,61.6022099447514,0.638038176297845
684770,5017890,21,0.0604761904761905,0.119894795152925,0,0,0.06,0.15,0.38,0.398,0.41,0,23.8095238095238,0.147502903600465
684790,5017890,243,2.75567901234568,5.47225638375972,0,0.1,0.32,12.638,14.655,18.9116,19.78,21.8106995884774,21.3991769547325,0.139316431362269
684810,5017890,778,14.5872493573265,5.74614768985694,10.725,16.115,19.51,20.64,21.153,21.803,23.09,95.758354755784,56.426735218509,0.631756143669401
684830,5017890,611,14.882798690671,6.95418882073891,8.845,17.23,20.395,22.39,23.355,24.768,27.37,93.4533551554828,59.4108019639935,0.5437631965901
684850,5017890,713,13.0002945301543,5.65734491241908,9.65,13.31,17.52,19.342,21.368,22.4352,25.03,92.2861150070126,51.6129032258064,0.519388514988185
684870,5017890,687,15.5114847161572,8.02119432714381,7.98,17.55,22.795,24.668,25.155,25.7528,26.5,93.8864628820961,55.6040756914119,0.585339045892725
684890,5017890,698,14.8965329512894,7.37147997943072,7.29,17.395,21.305,22.853,23.4975,24.11,25.78,93.2664756446991,60.8882521489971,0.577832930616346
684910,5017890,679,13.8864801178203,6.76704245227247,8.14,14.52,19.2,22.18,24.733,26.972,28.57,96.3181148748159,52.1354933726068,0.486051106679045
684930,5017890,670,14.6664179104478,6.27964805348301,9.105,14.73,20.3225,23.062,23.8355,24.5034,25.55,98.0597014925373,50.5970149253731,0.574028098256273
684950,5017890,671,14.9992399403875,6.88573612323044,10.3,16.39,20.975,22.95,23.895,24.446,25.91,95.8271236959762,56.7809239940387,0.578897720586163
684970,5017890,677,14.0679025110783,6.97934147526482,7.98,14.74,20.44,22.51,23.268,24.05,25.15,94.6824224519941,52.1418020679468,0.559359940798341
684990,5017890,396,10.7642929292929,5.95771039659292,5.7475,10.85,16.115,18.03,19.1725,20.352,22,91.4141414141414,50.7575757575758,0.489286042240588
684770,5017870,188,0.0777659574468085,0.101908570276841,0,0,0.1525,0.24,0.273,0.3226,0.49,0,38.8297872340425,0.158706035605732
684790,5017870,487,6.60312114989733,5.13752539586048,0.25,7.23,10.445,13.36,14.896,16.5784,18.53,69.4045174537988,55.64681724846,0.356347606578377
684810,5017870,727,15.2386657496561,5.99376781540939,12.63,17.09,19.62,20.868,21.957,22.8444,24.57,94.0852819807428,62.1733149931224,0.62021431622532
684830,5017870,678,17.3475663716814,5.73939655350585,15.0475,19.445,21.27,22.34,23.0415,23.7522,26.37,98.2300884955752,64.4542772861357,0.657852346290535
684850,5017870,692,15.0783670520231,6.91030561323171,10.355,17.74,20.46,21.847,23.1325,24.386,25.85,91.907514450867,61.271676300578,0.583302400465111
684870,5017870,773,14.1862871927555,8.03106528692191,6.57,17,21.22,23.16,24.078,25.2156,26.03,89.7800776196636,56.4036222509702,0.544997587120841
684890,5017870,714,15.3898459383754,7.35826183465115,7.23,18.815,21.5,22.577,23.1,23.4622,24.01,94.6778711484594,61.9047619047619,0.640976507220964
684910,5017870,678,13.3401769911504,6.76096120559615,7.67,14.005,19.165,21.952,22.84,23.2984,23.99,93.6578171091445,52.0648967551622,0.556072404799935
684930,5017870,706,13.3330878186969,5.46918961006642,9.155,14.51,17.67,19.695,21.1625,21.849,24.61,96.742209631728,54.8158640226629,0.541775205960865
684950,5017870,708,14.5943785310734,6.06345183275018,9.815,15.875,19.53,21.419,22.4525,23.1858,24.02,96.6101694915254,56.0734463276836,0.607592778146272
684970,5017870,687,15.0554730713246,6.45908202113587,9.915,17.41,20.205,21.732,22.45,22.8968,23.96,95.3420669577875,61.863173216885,0.628358642375818
684990,5017870,412,12.6947330097087,5.9252531993146,7.4975,13.965,17.8825,19.489,20.14,20.7034,21.53,95.3883495145631,56.7961165048544,0.589629958648803
684770,5017850,287,0.196271777003484,0.247056169835574,0,0.1,0.315,0.6,0.717,0.831199999999999,1.03,0,36.9337979094077,0.190555123304354
684790,5017850,608,5.25241776315789,4.92565006637926,0.24,5.135,9.04,12.286,13.8065,15.0116,15.86,57.5657894736842,49.0131578947368,0.33117388166191
684810,5017850,816,12.3832720588235,5.53613472428213,8.145,13.195,16.9875,19.01,19.875,20.481,22.09,94.2401960784314,54.0441176470588,0.560582709770191
684830,5017850,790,12.7359746835443,6.18910023533786,7.8,13.695,17.975,20.152,20.8775,21.4188,24.74,93.4177215189873,56.3291139240506,0.514792832802923
684850,5017850,776,15.5301417525773,7.14108052584862,10.2925,17.53,21.3825,23.47,24.34,24.995,26.67,96.0051546391753,58.7628865979381,0.582307527280739
684870,5017850,778,14.8451670951157,6.70242511943966,10.4825,16.65,20.135,22.096,23.049,23.7898,25.63,94.2159383033419,59.7686375321337,0.579210577257733
684890,5017850,722,16.1864542936288,6.60025109039794,12.62,18.54,21.27,22.678,23.4395,23.93,24.55,95.1523545706371,62.7423822714681,0.659326040473679
684910,5017850,747,14.8920214190094,6.55030800164624,9.675,17.32,20.18,21.514,22.17,22.6488,24.12,95.9839357429719,62.516733601071,0.617413823342014
684930,5017850,765,13.0496209150327,6.59964734006103,7.48,13.65,19.12,20.7,21.442,22.0488,22.6,93.0718954248366,53.5947712418301,0.577416854647464
684950,5017850,725,14.3643448275862,5.65130650490852,10.75,15.16,18.95,21.01,21.566,22.63,24.4,96.2758620689655,56.6896551724138,0.588702656868287
684970,5017850,681,14.9478267254038,7.00526692437172,9.76,17.05,20.5,22.49,23.6,24.402,25.11,93.0983847283407,57.4155653450808,0.595293776399993
684990,5017850,385,12.9503896103896,5.97209379320953,7.5,14.49,18.27,19.888,20.628,21.0128,21.72,94.8051948051948,57.1428571428571,0.596242615579632
684770,5017830,46,0.0495652173913043,0.0871513758861017,0,0,0.07,0.195,0.2225,0.254,0.38,0,32.6086956521739,0.130434782608696
684790,5017830,409,3.43227383863081,4.30413600258521,0,0.6,6.46,10.108,12.524,14.0384,16.52,42.7872860635697,38.8753056234719,0.207764760207676
684810,5017830,739,8.32802435723951,4.34816170164908,5.45,8.63,11.78,13.57,14.751,16.0548,17.96,89.0392422192152,51.9621109607578,0.463698460870797
684830,5017830,765,12.7157647058824,5.78161727107316,8.04,14.43,17.27,19.022,19.926,20.8372,22.97,94.640522875817,58.3006535947712,0.553581397731056
684850,5017830,683,14.1698535871157,5.64727780493379,11.695,15.62,18.225,19.908,20.894,22.2908,24.54,95.0219619326501,61.6398243045388,0.57741864658173
684870,5017830,683,13.8795314787701,5.73729869024652,10.79,15.29,18.01,20.028,21.299,22.25,23.98,94.1434846266472,59.5900439238653,0.578796141733533
684890,5017830,681,14.8699559471366,5.64439606245178,12.93,16.59,18.71,20.37,21.46,22.182,24.48,95.3010279001468,64.0234948604993,0.607432840977801
684910,5017830,710,12.8795352112676,6.35892229324125,9.0325,14.575,18.12,19.991,20.53,21.0964,22.83,91.830985915493,58.4507042253521,0.564149593134805
684930,5017830,642,13.0109190031153,4.87067700365447,10.3575,14.425,16.6675,17.709,18.069,18.6036,20.34,93.613707165109,61.993769470405,0.639671534076463
684950,5017830,633,13.939747235387,5.8714484766955,11.4,15.36,18.21,20.096,20.764,21.7472,23.36,94.6287519747235,59.3996840442338,0.596735754939514
684970,5017830,624,14.9840544871795,7.28729738088213,9.0225,17.38,20.84,23.062,24.23,25.1662,26.61,94.8717948717949,58.0128205128205,0.563098627853419
684990,5017830,420,12.963,7.11260580829896,7.2775,15.05,19.095,20.574,21.24,21.9362,22.97,83.8095238095238,60.952380952381,0.564344797562037
684770,5017810,16,0.008125,0.0325,0,0,0,0,0.0325,0.0909999999999999,0.13,0,6.25,0.0625
684790,5017810,66,0.180606060606061,1.15669007721685,0,0,0,0.21,0.295,0.494999999999997,9.4,1.51515151515152,12.1212121212121,0.0192134107027724
684810,5017810,255,2.48466666666667,4.6187512998162,0,0.11,2.55,11.956,13.618,15.9008,16.83,26.2745098039216,25.0980392156863,0.147633194692018
684830,5017810,551,8.85023593466425,7.5128702987641,0.325,8.73,14.115,19,23.395,26.9,29.14,70.5989110707804,49.3647912885662,0.30371434230145
684850,5017810,603,13.9058208955224,4.65124851396186,12.42,14.47,16.17,17.608,20.243,25.156,28.63,95.5223880597015,58.3747927031509,0.485708029882025
684870,5017810,592,13.2734797297297,6.26888740466062,10.86,15.23,17.595,19.668,21.189,22.467,23.51,88.1756756756757,61.1486486486487,0.564588674169703
684890,5017810,499,8.48038076152304,6.30672542590062,0.165,9.6,14.15,16.422,17.378,18.2028,19.05,71.3426853707415,55.1102204408818,0.445164344436905
684910,5017810,428,7.80661214953271,5.63957249771187,3,7.155,12.7,15.619,16.6595,17.3776,18.2,77.3364485981308,46.7289719626168,0.428934733490808
684930,5017810,542,10.2766605166052,5.60861864099697,5.6025,11.96,14.48,16.348,17.396,18.8454,21.2,85.7933579335793,60.5166051660517,0.484748137575715
684950,5017810,582,12.9788144329897,4.68896817181351,10.6075,13.27,16.0675,18.277,20.197,21.9152,24.08,95.8762886597938,51.8900343642612,0.538987310340103
684970,5017810,519,15.7845857418112,5.32828916415597,14.235,16.77,19.15,20.894,21.895,23.2364,24.95,93.8342967244701,60.1156069364162,0.6326487271267
684990,5017810,378,12.2739947089947,5.92271979156662,10.215,13.74,16.475,18.486,19.8445,20.9338,23,87.8306878306878,60.3174603174603,0.533651943869335
684770,5017790,224,0.0353571428571429,0.0694750149809147,0,0,0.05,0.127,0.19,0.2754,0.35,0,26.7857142857143,0.101020408163265
684790,5017790,230,0.0256086956521739,0.0581093977551098,0,0,0,0.0909999999999999,0.1655,0.2442,0.3,0,22.1739130434783,0.0853623188405797
684810,5017790,141,0.0492198581560284,0.104143245593927,0,0,0.07,0.17,0.3,0.38,0.68,0,26.9503546099291,0.0723821443471005
684830,5017790,415,1.4549156626506,2.49289026329896,0,0.26,1.595,4.9,6.61699999999999,9.42759999999997,15.29,23.3734939759036,26.9879518072289,0.0951547195978158
684850,5017790,544,4.72595588235294,6.19171238151138,0,1.02,8.83,15.604,17.495,19.6268,21.06,44.6691176470588,35.2941176470588,0.224404362884755
684870,5017790,414,1.91345410628019,5.22420826181153,0,0,0,10.239,16.4985,19.0458,21.35,12.56038647343,12.56038647343,0.089623143151297
684890,5017790,333,0.00891891891891892,0.0346414861500366,0,0,0,0,0.07,0.1636,0.27,0,8.70870870870871,0.033033033033033
684910,5017790,238,0.0080672268907563,0.0314025802085467,0,0,0,0,0.06,0.1178,0.23,0,9.66386554621849,0.0350748995250274
684930,5017790,158,0.640886075949367,2.55155089087444,0,0,0,0.21,9.0485,10.7806,14.91,5.69620253164557,5.69620253164557,0.0429836402380528
684950,5017790,452,4.96975663716814,4.76427826546206,0,4.12,9.51,11.78,13.1235,14.9056,16.03,60.8407079646018,46.0176991150442,0.310028486410988
684970,5017790,464,5.55810344827586,5.40163104937711,0,5.29,10.4925,12.91,14.2255,15.24,17.86,57.7586206896552,48.7068965517241,0.311204000463374
684990,5017790,264,3.3428787878788,5.31908423324062,0,0,6.0425,12.485,14.8115,16.964,17.3,33.3333333333333,32.1969696969697,0.193229987738659
684770,5017770,122,0.00704918032786885,0.0183936983724985,0,0,0,0.04,0.05,0.0658,0.08,0,13.9344262295082,0.0881147540983606
684790,5017770,178,0.00398876404494382,0.0147804989725048,0,0,0,0,0.04,0.05,0.1,0,8.42696629213483,0.0398876404494382
684810,5017770,174,0.00505747126436782,0.0167865596676642,0,0,0,0,0.05,0.07,0.08,0,9.19540229885057,0.0632183908045977
684830,5017770,169,0.00402366863905325,0.014239429104528,0,0,0,0,0.04,0.06,0.08,0,8.28402366863905,0.0502958579881657
684850,5017770,163,0.00177914110429448,0.0083088711627083,0,0,0,0,0,0.0375999999999999,0.05,0,4.9079754601227,0.0355828220858896
684870,5017770,159,0.00157232704402516,0.00815472148667732,0,0,0,0,0,0.0384,0.05,0,3.77358490566038,0.0314465408805032
684890,5017770,154,0.00201298701298701,0.0105024037167639,0,0,0,0,0,0.04,0.07,0,3.8961038961039,0.0287569573283859
684910,5017770,152,0.00171052631578948,0.00975028040279241,0,0,0,0,0,0.04,0.08,0,3.28947368421053,0.0213815789473684
684930,5017770,149,0.00134228187919463,0.00835510186594261,0,0,0,0,0,0.0307999999999998,0.06,0,2.68456375838926,0.0223713646532439
684950,5017770,149,0.00402684563758389,0.0226584350705787,0,0,0,0,0.0259999999999999,0.0407999999999998,0.25,0,6.71140939597315,0.0161073825503356
684970,5017770,144,0.00430555555555555,0.0147070592334971,0,0,0,0,0.04,0.0513999999999999,0.09,0,9.02777777777778,0.0478395061728395
684990,5017770,94,0.00180851063829787,0.0100496365908132,0,0,0,0,0,0.0514,0.06,0,3.19148936170213,0.0301418439716312
