"treeID","Z"
1,21.539999961853
2,18.7633336385091
3,17.7766663233439
4,20.4226662317912
5,21.5330006281535
6,14.5533336003621
7,22.2080001831055
8,20.4699999491374
9,19.0533336003621
10,17.9522226121691
11,21.1955555809869
12,23.0588889651828
13,19.6511113908556
14,21.0233332316081
15,22.9411108228895
16,22.7355556488037
17,26.5600005255805
18,20.6555559370253
19,19.8244442409939
20,19.1055560641819
21,20.8599999745687
22,17.6933330959744
23,20.1766668955485
24,21.5488889482286
25,23.8666670057509
26,19.4333337148031
27,22.6611116197374
28,21.0977778964572
29,21.2811107635498
30,26.6955553690592
31,21.9066662258572
32,25.2877782185872
33,15.1866665946113
34,19.3154169718424
35,24.1088886260986
36,21.6522221035428
37,19.3488894568549
38,26.7777777777778
39,16.50111134847
40,16.4744446012709
41,22.5633335113525
42,21.4699999491374
43,23.2288892534044
44,19.8700004153781
45,16.5199999279446
46,26.3522222306993
47,24.6533328162299
48,23.7133331298828
49,21.4144446055094
50,23.3322221967909
51,20.5199998219808
52,17.7950000762939
53,12.6166666348775
54,19.1244447496202
55,20.3644445207384
56,20.7644445631239
57,18.6066665649414
58,21.0066666073269
59,18.8266665140788
60,22.3812501695421
61,25.8322226206462
62,21.7431945800781
63,16.9811108907064
64,25.6133327484131
65,26.6524999406603
66,24.6911108228895
67,20.8455558353
68,16.2388886345757
69,27.6322220696343
70,21.0066661834717
71,19.110416730245
72,15.6116663614909
73,26.7755552927653
74,20.4722226460775
75,16.7755558225844
76,24.3544447157118
77,26.587777879503
78,27.1887499491374
79,20.098888821072
80,25.1855557759603
81,20.204444249471
82,22.7809723748101
83,23.0622223748101
84,20.4144441816542
85,22.3788892957899
86,22.4677778879801
87,20.7766662173801
88,22.8155555725098
89,19.8700004153781
90,20.8955559200711
91,22.2655556996663
92,16.6722223493788
93,24.9555560217963
94,23.5966667599148
95,17.9800001780192
96,23.575555589464
97,19.9344444274902
98,22.9266668955485
99,22.9988890753852
100,26.4566667344835
101,21.204444249471
102,19.1344447665744
103,22.9588885837131
104,17.7762499915229
105,21.5611112382677
106,22.3411110772027
107,21.991110695733
108,21.9522226121691
109,22.2277785407172
110,23.9088889227973
111,21.1266668107775
112,18.7277774810791
113,21.768888897366
114,20.8466665479872
115,20.5099998050266
116,22.0044447580973
117,23.0577778286404
118,21.0200000339084
119,23.2733332316081
120,21.0766663021511
121,23.1544441647
122,20.7111110687256
123,18.9744447072347
124,20.5922222137451
125,19.9222225613064
126,21.4655558268229
127,17.5211111704508
128,21.3377774556478
129,20.786349190606
130,21.1922217475043
131,23.2733334435357
132,22.8911111619737
133,23.9077779981825
134,21.1088892618815
135,20.5777778625488
136,22.2688886854384
137,19.0133336385091
138,20.449999915229
139,25.2633334265815
140,20.1277775234646
141,25.143333223131
142,21.9722220102946
143,22.4988888634576
144,20.5855556064182
145,21.7555556827121
146,22.4911111195882
147,22.1300002204047
148,21.7911109924316
149,17.3399999406603
150,21.4922222561306
151,22.7844443851047
152,22.9944445292155
153,19.8426387574938
154,20.6688891516791
155,22.152222527398
156,21.6677780151367
157,21.2988891601562
158,22.8588890499539
159,22.6466668446859
160,22.5688887702094
161,24.2899996439616
162,22.2666668362088
163,21.7544445461697
164,18.2744443681505
165,24.4377778371175
166,20.435555352105
167,17.3039680057102
168,20.7011108398438
169,23.0511110093858
170,23.4722222222222
171,22.2363493177626
172,23.738889058431
173,21.2977775997586
174,22.3733336130778
175,23.9744444953071
176,21.151111178928
177,17.5688887702094
178,21.2344445122613
179,18.2744445800781
180,23.847777472602
181,23.2888889312744
182,21.699999915229
183,22.212222205268
184,23.9079165988498
185,23.7144442664252
186,21.6988887786865
187,23.0533334943983
188,22.3833332061768
189,23.238889058431
190,22.5700001186795
191,19.6283330917358
192,17.7355554368761
193,23.5633330874973
194,19.6844450632731
195,23.3644443088108
196,22.0488889482286
197,21.8655556572808
198,23.8205555809869
199,22.5011111365424
200,22.9955556657579
201,20.46555519104
202,18.5522219340007
203,22.2899996439616
204,22.6255554623074
205,23.877777311537
206,19.244166692098
207,22.9155555301242
208,22.6533334520128
209,24.4733335706923
210,20.699999915229
211,26.6122220357259
212,20.5988886091444
213,21.8744445376926
214,23.4399996863471
215,22.3655556572808
216,20.3687496185303
217,26.3444440629747
218,20.1955555809869
219,20.8074999915229
220,28.5499996609158
221,19.902222527398
222,21.3800001144409
223,18.4477780659993
224,24.5555553436279
225,22.2888885074192
226,22.1477781931559
227,21.00069448683
228,21.6544443766276
229,24.9648613399929
230,20.363333384196
231,18.8888893127441
232,26.0533330705431
233,26.075555589464
234,18.8922220865885
235,17.761110941569
236,14.9711114035712
237,22.503332985772
238,21.7866670820448
239,27.0499998728434
240,22.5911110772027
241,22.6722223493788
242,24.617777718438
243,18.4022221035428
244,16.7411108016968
245,25.9833335876465
246,19.1477777693007
247,15.7099998262193
248,23.0900001525879
249,25.9355557759603
250,22.102222442627
251,22.6833335028754
252,10.7044444613987
253,24.2244444953071
254,17.1577774683634
255,25.4588885837131
256,15.4044445885552
257,23.5044445461697
258,21.6066663530138
259,11.355555428399
260,12.0399997499254
261,23.7488888634576
262,22.4888892703586
263,21.2544447580973
264,16.7699999279446
265,20.321110619439
266,24.1755553351508
267,25.9277778201633
268,17.4699999491374
269,24.8088889651828
270,22.2177772521973
271,23.4555553860135
272,16.9977777269151
273,23.3466669718424
274,22.1733334859212
275,23.5755553775364
276,19.0766667260064
277,22.8011107974582
278,22.9377780490451
279,23.8311108483209
280,22.545555750529
281,24.8666667938232
282,22.9800001780192
283,17.2822223239475
284,21.1488889058431
285,22.0044447580973
286,23.2466665903727
287,21.0811114841037
288,23.1188888549805
289,23.0544448428684
290,21.298888736301
291,22.7166665395101
292,22.5344443851047
293,22.4455551571316
294,15.9211112128364
295,22.4922222561306
296,21.7322224511041
297,21.8311112721761
298,23.8111112382677
299,21.0922224256727
300,21.7633332146539
301,25.083333545261
302,24.7377781338162
303,28.1755555470784
304,23.5744444529216
305,20.037777794732
306,22.7444443172879
307,26.315555996365
308,24.6844444274902
309,24.6266668107775
310,18.763611263699
311,21.4111107720269
312,24.4699999491374
313,24.6577777862549
314,18.0533330705431
315,24.6011108822293
316,26.1800003051758
317,24.2077776590983
318,25.4033332400852
319,22.6766666836209
320,18.6988887786865
321,15.9897222518921
322,21.4155555301242
323,21.2022221883138
324,20.6077774895562
325,22.7866668701172
326,22.1422218746609
327,22.2744443681505
328,20.9211112128364
329,21.1388888888889
330,21.5266662173801
331,22.1188894907633
332,18.1200002034505
333,23.0888885921902
334,22.5755553775364
335,22.9522221883138
336,24.8011114332411
337,25.2044446733263
338,22.2766664293077
339,17.8977779812283
340,22.5166666242811
341,18.4000000423855
342,23.1966660817464
343,22.1111113230387
344,24.1411111619737
345,18.7766666412354
346,23.2022219763862
347,20.682222366333
348,18.9877779218886
349,21.586666531033
350,23.7333335876465
351,14.672222243415
352,22.0555555555556
353,18.0066670311822
354,21.6444447835286
355,23.7144444783529
356,22.9688892364502
357,23.8277776506212
358,23.6388891008165
359,23.1455557081434
360,20.6411113739014
361,22.4766667683919
362,19.5833333333333
363,20.211110856798
364,23.7077776590983
365,17.7866666581896
366,21.0211111704508
367,22.9822224511041
368,20.6333332061768
369,18.8944441477458
370,19.2844445970323
371,23.3044446309408
372,22.382222281562
373,21.7544441223145
374,22.1577777862549
375,20.8988889058431
376,23.9988884396023
377,23.682222366333
378,21.4522224002414
379,22.0188884735107
380,22.7877780066596
381,22.5300000508626
382,11.0622222688463
383,22.9999997880724
384,21.7922223409017
385,20.078888575236
386,20.0127779642741
387,25.6288888719347
388,23.0659722222222
389,21.3611108991835
390,23.1977776421441
391,22.3588892618815
392,22.3088887532552
393,18.2788887023926
394,22.0599998897976
395,18.5033334096273
396,20.550000084771
397,20.3355558183458
398,25.0855556064182
399,25.2700000339084
400,22.2133331298828
401,10.7733334435357
402,21.0333334604899
403,24.6344445546468
404,20.6422218746609
405,18.9722220102946
406,26.2977778116862
407,21.6366668277317
408,24.2511111365424
409,24.1988887786865
410,21.8166667090522
411,14.8044445249769
412,17.9766667683919
413,21.7666664123535
414,24.761110941569
415,21.5933331383599
416,20.46555519104
417,21.6111106872559
418,22.1988889906142
419,21.6477773454454
420,20.9011113908556
421,22.2855557335748
422,23.1677782270643
423,23.8988882700602
424,20.7322226630317
425,21.2622225019667
426,20.9399998982747
427,14.9011110729641
428,21.0233334435357
429,23.979999754164
430,21.5399998558892
431,19.9033332400852
432,23.0366668701172
433,22.8333337571886
434,20.6044445037842
435,24.6544441647
436,20.7077776590983
437,23.2155556148953
438,21.5022220611572
439,20.6833330790202
440,18.3633335961236
441,22.037777794732
442,21.1411111619737
443,18.6339998245239
444,18.3766665988498
445,24.0477778116862
446,20.0355557335748
447,18.260000122918
448,24.0911110772027
449,18.3877777523465
450,21.2899996439616
451,22.0855553944906
452,22.3622222476535
453,19.5744442409939
454,18.7611111534966
455,20.6988889906142
456,18.6277775234646
457,16.4166665607029
458,15.586667060852
459,17.2522222730849
460,22.442221959432
461,21.4777774810791
462,23.0777778625488
463,22.1299997965495
464,22.0044445461697
465,21.9611110687256
466,15.9044445885552
467,17.5100000169542
468,17.4266666836209
469,23.5177779727512
470,21.0744444529216
471,22.673333062066
472,20.9122227562798
473,21.5311116112603
474,21.334444893731
475,19.2266663445367
476,21.5888888041178
477,21.8722222646077
478,20.8066664801704
479,20.5366668701172
480,17.3055557674832
481,21.3022223578559
482,22.0511110093858
483,15.2544446521335
484,19.9122223324246
485,19.9744444953071
486,13.6022221247355
487,12.3433333502875
488,21.374444325765
489,18.541110780504
490,19.125555674235
491,18.8688888549805
492,26.1611114078098
493,20.8816665013631
494,11.8711111280653
495,18.0055550469293
496,15.3722222646077
497,20.3688886430528
498,20.1000001695421
499,17.0200000339084
500,18.6888891855876
501,17.8411112891303
502,20.6422222985162
503,15.1577779981825
504,21.6411109500461
505,19.0388889312744
506,16.7722225189209
507,17.7844441731771
508,18.5044443342421
509,16.9866667853461
510,22.4866667853461
511,19.2500003178914
512,15.8055555555556
513,19.1566664377848
514,19.4366667005751
515,17.2633332146539
516,16.8600001864963
517,24.0777778625488
518,28.6066663530138
519,21.9577774471707
520,14.5788888931274
521,20.4169165293376
522,17.6133331722683
523,18.891111585829
524,20.3544445037842
525,21.2199999491374
526,18.4544446733263
527,14.5399998558892
528,15.5233332316081
529,18.3466667599148
530,16.2888889312744
531,13.1877777311537
532,12.1688888337877
533,21.1166665818956
534,15.1088888380263
535,19.711110856798
536,16.4366671244303
537,15.7033326890734
538,18.79777791765
539,16.1588890287611
540,19.9800001780192
541,17.3800002204047
542,20.8466665479872
543,20.9644449022081
544,17.6888891855876
545,16.430000199212
546,16.2288890414768
547,17.6822221544054
548,23.135555267334
549,18.8855554792616
550,16.8522223366631
551,15.644444571601
552,15.948889096578
553,20.4988890753852
554,10.1699998643663
555,14.5444446139865
556,13.9944443172879
557,12.7644444571601
558,5.11555557780796
