"treeID","tree_height_m","mean_return_height_m","point_count","crown_area_m2","equivalent_crown_diameter_m","crown_volume_proxy_m3"
11,22,12.653743315508,187,81.7873999985523,10.2046534453273,1799.32279996815
12,23.5,16.1368586387435,191,95.0828500004626,11.0028743811202,2234.44697501087
13,20.66,13.9061578947368,190,103.312400000824,11.4691513697634,2134.43418401702
14,21.47,14.6581481481481,135,59.99149999678,8.73976831179635,1288.01750493087
15,24.08,13.1227058823529,85,30.0328999993928,6.18377521602326,723.192231985379
16,23.75,16.3015447154472,123,80.1637000007973,10.1028507310215,1903.88787501894
17,27.2,19.5214601769912,226,121.912450002815,12.4588824675061,3316.01864007656
18,21.44,15.3297435897436,156,84.7293499958436,10.3865662764175,1816.59726391089
19,21.8,14.1149659863946,147,110.211249996758,11.845898943118,2402.60524992932
20,19.95,15.4176666666667,60,48.9188500000687,7.89211089018998,975.931057501371
21,21.73,14.8602777777778,216,111.279749997772,11.9031835332152,2418.10896745158
22,19.08,9.9242904290429,303,154.219599999779,14.012797482764,2942.50996799579
23,20.7,10.2514285714286,7,0.128750000065914,0.404882194556117,2.66512500136443
24,22.2,15.9553198653199,297,148.268899998955,13.7397899086214,3291.56957997681
25,24.98,17.1544852941176,136,83.2991499998025,10.2985325082059,2080.81276699507
26,20.67,14.2668674698795,83,72.1409999982613,9.58398528768307,1491.15446996406
27,22.95,15.3458365758755,257,130.018999999609,12.8664421020896,2983.93604999102
28,22.86,14.7420661157025,242,96.5224999978397,11.0858587377771,2206.50434995062
29,22.71,15.9940410958904,146,130.446799998915,12.8875918713613,2962.44682797535
30,27.93,18.4232568807339,218,116.922500003322,12.2012438166577,3265.64542509279
31,22.21,14.1588340807175,223,113.292099998543,12.010328131414,2516.21754096763
32,26.95,17.684578313253,83,59.4583999975413,8.7008497368677,1602.40387993374
33,16.42,12.6769230769231,52,46.1662500009971,7.66685692662901,758.049825016373
35,25.34,18.8290070921986,141,63.5357499998043,8.99423311929138,1609.99590499504
36,22.36,17.3086585365854,82,51.4619000016828,8.09464799292403,1150.68808403763
37,20.09,12.1078125,192,84.8976499979182,10.3968767056474,1705.59378845818
38,27.35,21.8502222222222,180,95.6299500021989,11.0344838576096,2615.47913256014
39,17.55,10.984387755102,98,39.72279999918,7.11172551400586,697.135139985609
40,17.44,8.60118811881188,202,98.7530999990159,11.2132221989905,1722.25406398284
42,23.28,14.7470250896057,279,131.704150001628,12.9495533509,3066.0726120379
43,24.07,16.1126153846154,130,63.9138000023292,9.02095214582473,1538.40516605606
44,22.41,15.962,75,36.1870500021256,6.78784082532988,810.951790547635
45,18.42,12.2921359223301,103,87.404849999485,10.5492801375729,1609.99733699051
46,27.1,20.8829943502825,177,67.809299997429,9.29179650323534,1837.63202993032
47,25.91,21.4354128440367,109,53.7145000000111,8.26991085355163,1391.74269500029
48,24.02,18.8916666666667,120,65.4666999982368,9.12988451740045,1572.51013395765
49,22.04,15.4548044692737,179,153.962950001713,14.0011326815463,3393.34341803776
50,24.61,19.445625,144,76.113649999095,9.8443338562332,1873.15692647773
51,21.2,14.6209146341463,164,97.5987999998414,11.1474953096423,2069.09455999664
52,18.1,12.7618633540373,161,121.112899998946,12.4179601246023,2192.14348998092
53,16.53,6.75550458715596,109,63.8333999979748,9.01527643238514,1055.16610196652
54,20.42,9.77176,125,60.5583000002319,8.78095793875763,1236.60048600474
55,20.84,12.7825,236,125.102499996947,12.620833971705,2607.13609993637
56,21.81,16.3806923076923,130,100.503249999892,11.3121488796014,2191.97588249765
57,19.12,14.7182524271845,103,81.9647999977896,10.2157145924059,1567.16697595774
58,21.35,16.7111258278146,151,77.8226500022482,9.95423906981073,1661.513577548
60,24.01,16.0583482142857,224,124.153700001013,12.5728835382531,2980.93033702433
61,26.35,17.5914563106796,103,48.1455499988144,7.829483901351,1268.63524246876
62,22.87,16.5709625668449,187,89.9505500008613,10.7018034616495,2057.1690785197
63,18.7,12.8333653846154,104,92.7501999975133,10.8670705536924,1734.4287399535
64,26.21,17.1733070866142,127,56.114199998078,8.45262198721383,1470.75318194962
65,27.8,23.1562195121951,164,85.3306499998206,10.4233563672038,2372.19206999501
66,25.83,15.6023369565217,184,86.9066500023838,10.5191721862271,2244.79876956157
67,21.29,14.8370918367347,196,93.0177999985658,10.882735930015,1980.34896196947
68,16.95,9.55894736842105,266,151.026600001559,13.8669765785078,2559.90087002642
69,28.18,21.0202645502645,189,90.7303499985798,10.7480914364297,2556.78126295998
70,21.38,18.3332967032967,91,52.3292999973465,8.16258133833478,1118.80043394327
73,27.01,16.3509009009009,111,66.4293000035576,9.1967609348947,1794.25539309609
74,21.64,15.1961494252874,174,95.8878000010823,11.0493501536984,2075.01199202342
75,18.1,11.7971428571429,63,44.6846000008826,7.54282438890079,808.791260015975
76,25.32,20.1255172413793,87,41.7657000009422,7.29230696383148,1057.50752402386
77,27.03,22.8280769230769,130,61.3753999998718,8.83999922815467,1658.97706199653
78,27.74,21.5285119047619,168,69.1873500032713,9.38573758527253,1919.25708909075
79,21.59,9.8141,200,103.947850005191,11.5043693098235,2244.23408161208
80,25.87,18.6900537634409,186,90.4409999987167,10.7309392722053,2339.7086699668
81,20.68,15.9524390243902,123,102.472499998372,11.4224357842713,2119.13129996633
82,23.88,16.964527027027,148,110.487650003497,11.860743871668,2638.4450820835
83,23.37,18.2641463414634,123,76.8005999973855,9.8886581989701,1794.8300219389
84,21.89,13.8283505154639,97,79.2604999976465,10.0457753773656,1735.01234494848
85,23.61,12.4717692307692,130,50.4603999996404,8.01549603722043,1191.37004399151
86,22.79,18.9575,120,56.7526499990342,8.5005716423829,1293.39289347799
87,21.32,15.5020114942529,174,110.320649994568,11.8517768361529,2352.0362578842
88,23.63,17.5328712871287,101,52.13520000133,8.14742893889662,1231.95477603143
89,20.3,16.1709677419355,93,85.9742500009094,10.4625912149001,1745.27727501846
90,22.13,17.2646276595745,188,98.1381499958225,11.178254489044,2171.79725940755
91,22.67,16.6636413043478,184,89.6081500003986,10.6814156417147,2031.41676050904
92,18.01,13.224,60,41.5173000008725,7.2705892575323,747.726573015714
93,25.64,17.7859259259259,243,123.321250000161,12.5306620817248,3161.95685000413
94,24.25,17.8457142857143,91,55.14534999823,8.37933412187433,1337.27473745708
95,19.98,13.7101769911504,113,99.9589499991273,11.2814754349373,1997.17982098256
96,25.74,21.7770175438596,114,73.2077999976612,9.6545878182388,1884.3687719398
97,20.21,12.0135377358491,212,95.5780999991056,11.0314920355097,1931.63340098192
98,23.29,12.947037037037,216,100.486099997758,11.311183678703,2340.32126894778
99,23.72,17.0966165413534,133,76.2562499990953,9.85355129037541,1808.79824997854
100,27.09,19.8212437810945,201,111.321749997434,11.9054296136617,3015.70620743048
101,22.72,15.0310101010101,99,90.1823499983431,10.7155837104209,2048.94299196235
102,20.83,15.7251515151515,66,50.2405500013108,7.9980156920897,1046.5106565273
103,23.47,13.9664018691589,214,117.8670000014,12.2504255200006,2766.33849003285
104,18.25,12.4758762886598,97,63.2003500017394,8.97046179766224,1153.40638753174
105,23.86,16.243355704698,149,80.3460500016533,10.1143347841256,1917.05675303945
106,23,17.0290839694656,131,70.5389499982361,9.47697106579156,1622.39584995943
107,22.38,15.2795762711864,118,71.5253000003034,9.54299954990213,1600.73621400679
108,23.19,15.1504938271605,81,36.082450001403,6.77802347389824,836.752015532535
109,22.79,15.7975294117647,85,38.4512000003291,6.99696994297816,876.3028480075
110,24.67,17.3579754601227,163,80.4877500017858,10.1232497830011,1985.63279254406
111,23.59,18.4613043478261,92,50.9103000002103,8.05114943313054,1200.97397700496
112,19.4,12.0298936170213,188,103.090750001253,11.4568416065686,1999.96055002431
113,22.24,14.2137647058824,85,63.537350000053,8.99434636801064,1413.07066400118
114,21.49,17.0908695652174,46,28.6672999994452,6.04155112533858,616.060276988077
115,21.2,16.3663157894737,76,47.3702999995474,7.76619206596076,1004.2503599904
116,22.09,16.3598611111111,72,64.820150000267,9.08468922286309,1431.8771135059
117,24.08,11.9576991150442,113,46.6861499997613,7.709906119476,1124.20249199425
118,21.38,16.6501960784314,102,84.9886999975598,10.4024503696257,1817.05840594783
119,23.8,14.6866292134831,178,83.4856499956341,10.3100548491441,1986.95846989609
120,22.01,15.3398113207547,106,61.9646999998853,8.88233676559862,1363.84304699748
121,23.98,16.9604,100,63.4913500013964,8.99108989891653,1522.52257303349
122,21.71,16.7462307692308,130,79.6973500030122,10.0734213470119,1730.2294685654
123,19.86,12.9641121495327,107,55.7472999987145,8.42494313752786,1107.14137797447
124,21.44,17.7616666666667,30,22.5202499999415,5.35478037432419,482.834159998745
125,20.49,13.5997196261682,107,77.817150001825,9.95388731305069,1594.47340353739
126,22.02,14.7970873786408,103,57.0262500009427,8.52103729537395,1255.71802502076
127,18.19,13.3929496402878,139,123.810750002584,12.5555064798919,2252.117542547
128,22.48,10.9376829268293,82,31.4550999995196,6.3284972310168,707.110647989201
129,21.39,14.1391891891892,148,70.9031999997391,9.50140821604534,1516.61944799442
130,21.71,15.4801428571429,210,137.23865000007,13.2188379310043,2979.45109150152
131,23.75,16.9623287671233,146,69.440199999892,9.4028723608364,1649.20474999743
132,23.9,14.3006763285024,207,105.844799997751,11.6088666527668,2529.69071994626
133,24.34,18.9313194444444,144,89.7376499997404,10.6891311448252,2184.21440099368
134,22.32,15.9807971014493,138,89.7018000030657,10.6869957891742,2002.14417606843
135,22.51,13.4097701149425,87,49.7335499994978,7.95755757499901,1119.5022104887
136,22.71,17.3683606557377,122,81.2092499994983,10.1685214509114,1844.26206748861
137,19.95,14.6818811881188,101,79.2473499991799,10.0449420025416,1580.98463248364
138,21.89,15.6992366412214,131,59.0916499970076,8.67397403384628,1293.5162184345
139,25.76,15.8847928994083,169,65.0648500010582,9.10182069663037,1676.07053602726
140,21.78,10.9567142857143,70,34.4007500003365,6.61818670550904,749.248335007329
141,26.13,17.8878694158076,291,167.826449997619,14.6179093166392,4385.3051384378
142,24.65,14.4920388349515,103,38.4090499987856,6.99313387074521,946.783082470065
143,23.07,14.5364666666667,150,92.6808500004,10.8630071002544,2138.14720950923
144,21.69,16.0581927710843,83,67.7697500016114,9.28908637266699,1469.92587753495
145,22.43,13.0894736842105,171,71.8793499984604,9.56658930172604,1612.25382046547
146,23.76,11.7679487179487,117,56.7997499988915,8.50409829609581,1349.56205997366
147,24.27,14.1239449541284,218,111.722499998328,11.9268396918272,2711.50507495942
148,22.07,16.7595698924731,93,65.1613000005943,9.10856431865681,1438.10989101312
149,18.61,12.3035099337748,151,123.768200001068,12.5533488210139,2303.32620201988
150,22.74,14.6020202020202,99,42.6960499999809,7.3730793610245,970.908176999566
151,24,19.9022448979592,49,23.7089499989111,5.49428545879829,569.014799973866
152,24.69,16.5569811320755,53,20.5170500003333,5.11107810561852,506.56596450823
153,21.98,13.5712121212121,132,71.0010999996526,9.5079655152537,1560.60417799236
154,21.03,16.7717391304348,161,109.011450001284,11.7812430995441,2292.510793527
155,22.7,16.2128484848485,165,149.975650004701,13.8186442292052,3404.44725510671
156,22.58,12.7773622047244,254,109.064650000567,11.7841175025295,2462.67979701281
157,22.19,15.6270680628272,191,124.331199998776,12.5818679250268,2758.90932797285
158,23.08,15.1664655172414,116,64.4887999994579,9.06143975049367,1488.40150398749
159,25.36,15.1813793103448,116,46.2553500012678,7.67425180569284,1173.03567603215
160,23.24,17.3595726495726,117,74.5747999980241,9.74431036031796,1733.11835195408
161,25.26,17.7121379310345,145,98.0930000005342,11.1756828275675,2477.82918001349
162,22.86,19.2603333333333,90,69.3122999994957,9.39420892336896,1584.47917798847
163,22.59,16.4254037267081,161,124.135099995105,12.5719417037871,2804.21190888942
164,18.67,12.6250802139037,187,149.491549996281,13.7963238965682,2791.00723843056
165,26.18,17.8455147058824,136,71.7822999980092,9.56012881552901,1879.26061394788
166,20.96,15.12,109,70.3032999993091,9.46112792876726,1473.55716798552
167,18.2,12.9641237113402,97,43.9236499965726,7.47832388471794,799.410429937622
168,23.13,14.4334228187919,149,78.2238500006951,9.9798646865735,1809.31765051608
169,23.37,17.4856989247312,93,55.9095500014585,8.43719443833108,1306.60618353409
170,23.89,16.5480714285714,140,94.136800001752,10.9479996518568,2248.92815204186
171,24.45,13.9421457489879,247,109.585999997191,11.8122490976855,2679.37769993132
172,24.53,16.2041081081081,185,84.7399999990594,10.3872190224169,2078.67219997693
173,22.95,12.9524,200,113.552300001203,12.0241123895763,2606.0252850276
174,23.05,17.2326315789474,76,52.3254000014748,8.16227716240775,1206.10047003399
175,24.71,15.5753284671533,137,72.2535999996345,9.59146186819357,1785.38645599097
176,23.43,17.9207766990291,103,69.5838999988132,9.41259651506352,1630.35077697219
177,18.32,11.6712244897959,98,77.629200001279,9.94185934661034,1422.16694402343
178,21.9,17.6150526315789,95,69.480449999326,9.40559708498807,1521.62185498524
179,20.05,15.4216312056738,141,68.4749499985789,9.33729158599824,1372.92274747151
180,24.38,20.7295,40,12.8478999995598,4.04455860956945,313.231801989267
181,24.26,15.6826666666667,60,27.9498499995764,5.9654718412609,678.063360989723
182,23.95,16.1352032520325,246,126.439350001685,12.6880881315018,3028.22243254036
183,23.8,16.4902732240437,183,101.199249999486,11.3512504596139,2408.54214998777
184,24.59,19.6440425531915,47,19.9640999999519,5.04173398693207,490.917218998816
185,24.51,15.2051937984496,129,68.9366999999585,9.36872096518471,1689.63851699898
186,23.91,14.2213846153846,65,27.1836999987492,5.88314217154615,649.962266970094
187,23.36,17.0970987654321,162,97.7556500020175,11.1564492247246,2283.57198404713
188,22.89,15.5441739130435,115,79.8277999996459,10.0816621510919,1827.2583419919
189,24.42,19.0522222222222,99,71.4803000001094,9.53999709799076,1745.54892600267
190,23.53,13.9568644067797,118,46.5407499983833,7.69789083707834,1095.10384746196
192,18.49,12.7272222222222,198,106.462850002201,11.6427106237341,1968.49809654069
193,24.05,16.3604142011834,169,121.386849999933,12.4319965263328,2919.3537424984
194,20.45,14.7601030927835,97,52.6165499998671,8.18495401131648,1076.00844749728
195,23.93,15.4430456852792,197,99.7670499979306,11.2706412115254,2387.42550645048
196,22.7,13.6047474747475,99,50.4467999989523,8.01441580303966,1145.14235997622
197,23.76,15.9470408163265,98,49.5814500000988,7.94537996734171,1178.05525200235
198,24.24,17.843085106383,188,132.343750002688,12.980958978518,3208.01250006516
199,22.8,16.1987128712871,101,83.6185499948747,10.3182578242109,1906.50293988314
200,24.16,17.06025,80,38.3062999974318,6.98377376274594,925.480207937952
201,20.89,16.0715873015873,63,52.6566999990856,8.18807625355869,1099.9984629809
202,19.3,13.6962222222222,90,38.8073499995386,7.02929958429648,748.981854991094
203,23.82,14.4214942528736,87,37.9846499991099,6.95439130850365,904.794362978798
204,24.32,14.0645454545455,110,48.8167499982485,7.88387065743852,1187.2233599574
205,24.92,15.9968619246862,239,147.017949999325,13.6817055853807,3663.68731398317
206,19.83,13.1494565217391,92,50.4813499995941,8.01715978954515,1001.04517049195
207,23.48,16.1036263736264,91,50.8802999998443,8.04877692620377,1194.66944399634
208,24.23,18.8559139784946,93,35.8071000002743,6.7521119438762,867.606033006646
209,25.27,16.9564071856287,167,93.1279500018718,10.8891775934871,2353.3432965473
210,21.02,15.0403846153846,156,65.4378999997707,9.12787609491568,1375.50465799518
211,27.65,17.9965354330709,254,163.89025000074,14.4454680539425,4531.56541252046
212,21.7,12.1391534391534,189,126.201049998384,12.6761258847111,2738.56278496494
213,22.4,15.2502222222222,90,49.8043000003776,7.96321569834286,1115.61632000846
214,23.89,16.2352571428571,175,97.6692499983481,11.1515178967942,2333.31838246054
215,23.06,16.2886419753086,81,50.2282999989466,7.99704056657711,1158.26459797571
216,21.3,15.6737362637363,91,41.5668500018538,7.27492660941918,885.373905039487
217,27.25,21.8975675675676,148,92.2625000015626,10.8384622293994,2514.15312504258
218,20.69,13.836875,160,123.267000002282,12.527905609629,2550.39423004721
219,21.87,15.5788549618321,131,59.8458000024074,8.72914882158489,1308.82764605265
220,29.97,18.5427651515152,264,154.975900001275,14.0471151615748,4644.62772303822
221,21.12,14.7828571428571,140,95.8663000026725,11.0481113395389,2024.69625605644
222,23.69,15.832421875,128,56.7372500010713,8.49941823661415,1344.10545252538
223,19.52,12.3679393939394,165,82.7125999989586,10.262209955294,1614.54995197967
224,25.15,19.9626,150,79.4058000010713,10.054979097079,1997.05587002694
225,24,17.0911805555556,144,81.9394499992486,10.2141347167977,1966.54679998197
226,23.78,16.0351694915254,118,83.8384999996732,10.3318194704932,1993.67952999223
227,21.75,17.5739655172414,58,47.8482500008451,7.80527283619543,1040.69943751838
228,22.82,12.0294520547945,146,55.4935500010608,8.40574698281412,1266.36281102421
229,25.36,18.1727748691099,191,115.439300001601,12.1236084470996,2927.54064804061
230,20.72,15.5926865671642,67,59.8744000002394,8.73123437994857,1240.59756800496
231,20.87,11.65375,96,48.9388999987174,7.89372806436899,1021.35484297323
232,26.4,20.8181067961165,206,124.246499998692,12.5775815279915,3280.10759996547
233,26.98,21.2727857142857,140,90.8906500001521,10.7575819693311,2452.2297370041
234,20.42,13.9348251748252,143,92.228950002252,10.836491420763,1883.31515904599
235,19.05,11.8602649006623,151,85.5656500019372,10.4376994234091,1630.0256325369
236,16.96,9.73658227848101,158,90.5752499969676,10.7389007850158,1536.15623994857
237,22.98,16.5152597402597,154,111.924750001569,11.9376303233345,2572.03075503606
238,22,16.507037037037,108,71.6919999966801,9.55411374419031,1577.22399992696
239,27.55,19.6386069651741,201,115.05290000032,12.1033012858834,3169.7073950088
240,24.12,16.1296385542169,83,49.6851999989212,7.95368854222379,1198.40702397398
241,24.22,17.9984916201117,179,114.647699998665,12.0819694318118,2776.76729396768
242,25.46,17.6953211009174,109,66.3716499986516,9.19276941011819,1689.82220896567
243,19.65,11.6561052631579,95,57.8146999998455,8.57974138927295,1136.05885499696
244,19.01,9.99585227272727,176,72.8364500006676,9.63007001215336,1384.62091451269
245,26.33,19.0945283018868,212,122.353000000498,12.4813732424607,3221.5544900131
246,19.48,15.7471428571429,63,41.2051500003529,7.24320553534092,802.676322006874
247,17.52,8.64248062015504,129,72.7427000000288,9.62387043921744,1274.4521040005
248,25.11,15.1824870466321,193,95.7866499978862,11.0435207535919,2405.20278144692
249,26.59,17.8393846153846,130,64.445150001142,9.05837256066692,1713.59653853037
250,23.46,16.5962869198312,237,152.871949993855,13.951437632479,3586.37594685583
251,23.25,15.5132692307692,104,70.0199000003531,9.44203927119831,1627.96267500821
252,13.61,8.79318181818182,66,44.3176499977052,7.51178970065127,603.163216468767
253,25.07,16.69375,168,105.451099999393,11.5872563860065,2643.65907698478
254,18.57,10.8323529411765,102,55.2963499987317,8.3907985018055,1026.85321947645
255,25.94,20.1866417910448,134,81.4343000004272,10.1826013895453,2112.40574201108
256,16.19,7.46074074074074,135,57.8329500002563,8.58109543875476,936.31546050415
257,24.86,16.6077290836653,251,142.186099999744,13.4549977789423,3534.74644599364
258,21.87,15.8007476635514,107,71.2065999994623,9.52171512730003,1557.28834198824
259,13.98,6.79736842105263,57,34.0044499986107,6.5799552000907,475.382210980577
260,13,7.79942528735632,87,52.0861499978454,8.14359539210195,677.119949971991
261,24.4,18.8026923076923,156,131.691849999454,12.9489486499343,3213.28113998667
262,22.78,17.8735443037975,158,106.934150000379,11.6684527021848,2435.95993700862
263,21.71,17.6219480519481,77,57.1410499988158,8.52960986717338,1240.53219547429
264,17.75,9.04132743362832,113,76.0673999973703,9.84134247660548,1350.19634995332
265,23.01,13.6467307692308,208,102.508400004343,11.4244364654481,2358.71828409994
266,26.07,14.7678240740741,216,122.323700000765,12.479878689286,3188.97885901994
267,26.36,16.8637244897959,196,102.013650002114,11.396833476254,2689.07981405571
268,18.46,11.9246268656716,201,125.992000002695,12.6656226346636,2325.81232004975
269,25.28,17.135935483871,155,89.3448499958623,10.6657112342855,2258.6378078954
270,23.71,13.3004166666667,144,80.149550000402,10.1019590453159,1900.34583050953
271,24.39,16.7373595505618,178,109.427049998589,11.8036793976249,2668.92574946558
272,19.3,10.2803053435115,131,60.5317999984246,8.77903647742701,1168.26373996959
273,24.19,14.8546666666667,195,118.923149998048,12.3051882294415,2876.75099845278
274,23.28,14.0261960784314,255,143.380649998892,13.5113993919365,3337.90153197421
275,24.67,15.7205365853659,205,128.944299999197,12.8131565910657,3181.05588098018
276,19.92,11.6231707317073,123,64.2970999992394,9.04796166718354,1280.79823198485
277,23.23,15.7503703703704,135,68.794500001045,9.35905325669288,1598.09623502427
278,23.93,16.1519318181818,88,52.9857500039956,8.21361992135858,1267.94899759561
279,24.58,18.6742222222222,90,53.6497499982858,8.26492487945128,1318.71085495786
280,23.71,16.2832911392405,79,46.5310500014149,7.69708860023389,1103.25119553355
281,25.25,16.0365700483092,207,92.0256000013554,10.8245384682076,2323.64640003422
282,23.42,18.5599082568807,109,83.1914999989893,10.2918758049516,1948.34492997633
283,18.46,12.3212307692308,65,32.0151499998858,6.38458730150059,590.999668997892
284,23.67,16.5531914893617,141,106.691850001098,11.655225545752,2525.39608952599
285,23.5,12.5066346153846,208,117.623349997977,12.2377571720331,2764.14872495245
286,23.43,17.9640909090909,88,60.2685000014652,8.75992223160324,1412.09095503433
287,22.54,10.7834,150,83.8809499998904,10.334434797792,1890.67661299753
288,23.47,17.8317045454545,88,54.0901999981557,8.29878193594009,1269.49699395671
289,25.16,15.9165263157895,95,65.6120500021203,9.14001404122775,1650.79917805335
290,22.4,13.5520720720721,111,62.8729499978819,8.94719655710434,1408.35407995255
291,23.32,15.26288,125,70.486000000643,9.47341345825365,1643.73352001499
292,23.11,14.5898639455782,147,86.372499999359,10.4867956295916,1996.06847498519
293,24.61,15.6349074074074,108,64.1294999992173,9.03616154033874,1578.22699498074
294,19.17,10.4402631578947,114,74.4961999994095,9.73917387521897,1428.09215398868
295,23.54,16.2624038461538,104,57.8890499971722,8.58525641221918,1362.70823693343
296,22.6,13.8611267605634,142,77.7224999982977,9.94783195040564,1756.52849996153
297,23.04,14.6874809160305,131,92.618300000983,10.8593407777543,2133.92563202265
298,24.13,14.8785074626866,201,100.767000002032,11.326982352194,2431.50771004903
299,23.02,15.4615447154472,123,65.1875999987995,9.11040230422616,1500.61855197237
300,22.28,17.2610869565217,92,42.8183499989844,7.38363165786442,953.992837977372
301,25.61,16.6487254901961,204,132.304999998442,12.9790584390472,3388.3310499601
302,25.28,13.67261829653,317,163.1458500023,14.4126245972883,4124.32708805814
303,28.57,19.5172764227642,246,131.87754999944,12.9580751549787,3767.74160348399
304,24.46,13.8268539325843,89,37.0345999981054,6.8668709934756,905.866315953658
305,20.54,12.9067381974249,233,125.27189999986,12.6293759514843,2573.08482599711
306,24.36,16.1877848101266,158,114.399950000839,12.0689079976936,2786.78278202043
307,26.62,21.9450714285714,140,92.1489999993994,10.8317935175591,2453.00637998401
308,25.15,18.3952739726027,146,93.86590000183,10.9322356260962,2360.72738504602
309,25.75,17.7368309859155,142,84.7226999995809,10.3861586727818,2181.60952498921
311,22.39,16.3231292517007,147,83.8555999988703,10.3328730741288,1877.52688397471
312,25.55,13.3659375,96,49.5863499985692,7.94577256767752,1266.93124246344
313,25.07,18.8530882352941,136,82.4902999988203,10.2484102189347,2068.03182097042
314,22,11.9735359116022,181,133.204150001286,13.0230868577489,2930.49130002828
315,24.88,17.6055789473684,190,130.420349997838,12.8862852310295,3244.85830794621
316,27.37,17.8326315789474,152,83.1586999987776,10.2898467105789,2276.05361896654
317,25.13,15.3958,150,85.5483500008723,10.4366442024223,2149.83003552192
318,26.19,16.55,234,127.307599999285,12.7315776973797,3334.18604398129
319,23.6,17.1105333333333,75,47.420500000686,7.77030603206767,1119.12380001619
320,23.15,10.0581739130435,230,138.077300001669,13.2591658332033,3196.48949503863
321,17.1,8.66686390532544,169,113.895349997573,12.0422615641067,1947.61048495851
322,22.11,15.3081215469613,181,78.1938999991937,9.97795398045312,1728.86712898217
323,23.29,14.5519718309859,142,74.2281000014627,9.72163320910733,1728.77244903407
324,24.76,13.5139344262295,122,88.0848999994207,10.5902397505111,2180.98212398566
325,23.35,14.3652287581699,153,94.5255999990325,10.9705848480647,2207.17275997741
326,22.92,13.2338011695906,171,97.5387000023548,11.1440625440213,2235.58700405397
327,23.55,12.658046875,128,91.7829499992328,10.8102581593352,2161.48847248193
328,21.86,13.9397222222222,144,73.0238500016,9.64245059779131,1596.30136103498
329,22.36,13.2771428571429,112,60.5571500001637,8.78087456331471,1354.05787400366
330,22.46,14.9875816993464,153,103.32355000313,11.4697702577866,2320.64693307029
331,22.49,15.93125,64,33.3053999999269,6.51196992722858,749.038445998356
332,19.07,8.89125748502994,167,109.060850003721,11.7839122114503,2079.79040957096
333,23.63,16.2978672985782,211,129.25445000106,12.8285570924537,3054.28265352504
334,23.36,13.1205970149254,134,65.8122000001969,9.15394426279023,1537.3729920046
335,23.49,15.4715463917526,97,53.7518999985042,8.27278941365882,1262.63213096486
336,25.78,17.531015625,128,89.0552499968326,10.6484114290463,2295.84434491834
337,25.91,14.8039784946237,186,106.228449998385,11.6298866423481,2752.37913945816
338,23.22,18.829,70,60.4284999993431,8.77154238593148,1403.14976998475
339,18.28,12.5327272727273,121,67.306099997408,9.2572559713232,1230.35550795262
340,23.09,15.3638095238095,126,65.3586500001282,9.12234716345898,1509.13122850296
341,19.92,12.9117557251908,131,84.9503500002157,10.4001031225352,1692.2109720043
342,23.8,17.2971929824561,114,67.6161000019783,9.27855012290639,1609.26318004708
343,23.06,17.6357534246575,73,61.9215499985389,8.87924355615023,1427.91094296631
344,24.46,17.4078,150,91.1244999975348,10.7714120193724,2228.9052699397
345,19.28,11.1257746478873,142,80.4096000012646,10.1183339783754,1550.29708802438
346,23.49,16.8509848484848,132,76.8530000008191,9.89203107215977,1805.27697001924
347,21.78,13.532109375,128,61.4508499986432,8.84543115262683,1338.39951297045
348,21.78,14.027868852459,122,69.1150000015165,9.38082891520263,1505.32470003303
349,22.35,13.3295428571429,175,102.193599998718,11.4068809381537,2284.02695997135
350,23.92,17.2761904761905,42,21.9910999997955,5.29149677803597,526.027111995109
351,17.14,10.1730985915493,142,97.0029999992917,11.1134178161825,1662.63141998786
352,22.58,18.1987142857143,70,44.4565999994629,7.52355641593717,1003.83002798787
353,19.99,11.8730327868852,122,57.7317499987802,8.57358426127668,1154.05768247562
354,22.12,14.4602702702703,185,98.3767499966435,11.1918348977391,2176.09370992575
355,24.14,16.8824770642202,109,62.1501500045289,8.89561851121036,1500.30462110933
356,23.99,16.1070114942529,174,100.673900003257,11.3217485666685,2415.16686107814
357,24.01,16.9050649350649,154,97.4451999979895,11.138719948094,2339.65925195173
358,23.79,14.8657258064516,124,68.7075999991298,9.35314029311747,1634.5538039793
359,24.61,15.6827619047619,105,63.2439000004898,8.97355194133849,1556.43237901205
360,21.53,13.698275862069,58,39.0758000002385,7.05357028762498,841.301974005134
361,23.17,16.5495161290323,124,76.1778500000253,9.84848470846839,1765.04078450059
362,20.61,12.7437209302326,129,103.938599999985,11.5038574288971,2142.17454599968
363,20.58,13.247037037037,81,42.990049999505,7.39842089161678,884.735228989813
364,25.22,14.2599516908213,207,90.7140499997351,10.7471259284864,2287.80834099332
365,18.59,13.2072277227723,101,58.0810499993693,8.59948194131118,1079.72671948828
366,21.76,16.6157534246575,73,41.2171499997811,7.2442601624322,896.885183995236
367,23.36,13.966625,160,92.7744499980772,10.8684910856387,2167.21115195508
368,20.86,14.2015217391304,138,72.0401499997063,9.57728394631165,1502.75752899387
369,19.9,11.9688079470199,151,93.2270499992015,10.8949697887597,1855.21829498411
370,19.87,11.4554814814815,135,76.1497499988976,9.84666811770829,1513.0955324781
371,24.01,13.7311111111111,135,74.9281000009762,9.76736504555418,1799.02368102344
372,23.35,18.4241747572816,103,64.5476000018551,9.06556985743915,1507.18646004332
373,22.73,14.0281666666667,120,58.2538000005891,8.61226113119216,1324.10887401339
374,23.13,14.3359649122807,114,58.6544500007524,8.64182649765947,1356.6774285174
375,21.85,13.6802564102564,156,88.9423999977593,10.6416625054923,1943.39143995104
376,24.74,20.3276666666667,90,56.6262499969533,8.49110009163597,1400.93342492462
377,23.99,15.98,132,66.6449999975659,9.21168005609051,1598.81354994161
378,22.37,16.6613333333333,120,70.9684999999193,9.50578248385868,1587.56534499819
379,24.85,16.2476033057851,121,70.6258999996286,9.48281017220308,1755.05361499077
380,23.44,13.4839795918367,196,103.298200000684,11.4683631413046,2421.30980801604
381,23.13,20.0287323943662,71,45.6853000001402,7.62681654252073,1056.70098900324
382,12.8,6.82672268907563,119,84.1302499997078,10.3497807323674,1076.86719999626
383,23.97,18.9252830188679,53,32.3906999995525,6.4219249544886,776.405078989272
384,22.73,17.9380672268908,119,79.140299999521,10.0381551861681,1798.85901898911
385,20.8,14.5972189349112,169,101.967400000771,11.3942496881019,2120.92192001603
386,20.44,13.64359375,128,71.2479499999448,9.52447937796305,1456.30809799887
387,26,17.2690579710145,138,79.4148999966515,10.0555552366304,2064.78739991294
388,24.1,19.5292,50,30.5432000000854,6.23608932447762,736.091120002058
389,21.92,13.0492827004219,237,118.248100001314,12.2702142202763,2591.9983520288
390,24.57,15.8017307692308,104,59.9555000016203,8.73714561664346,1473.10663503981
391,22.94,16.4838571428571,140,68.1974999993571,9.31835574826684,1564.45064998525
392,22.64,16.9265891472868,129,87.1975499997704,10.5367627316804,1974.1525319948
393,19.14,10.1728125,128,81.8926500004196,10.211217381081,1567.42532100803
394,23.56,13.3220183486239,109,39.8798499989967,7.1257702781404,939.569265976362
396,21.79,13.767074829932,147,84.9316500001005,10.3989583795558,1850.66065350219
397,22.43,13.9117156862745,204,116.137600001296,12.1602214187195,2604.96636802907
398,26.37,12.6349056603774,212,102.101349999683,11.4017312891702,2692.41259949165
399,26.03,18.9604794520548,146,73.590399998772,9.67978343721154,1915.55811196803
400,23.44,15.7007352941176,136,80.0022500011649,10.0926720133606,1875.25274002731
401,14.06,6.04990196078431,102,57.8713999990532,8.58394751777881,813.671883986688
402,22.09,14.5212711864407,118,61.7781500028918,8.868956172192,1364.67933356388
403,25.37,14.5246864686469,303,153.487900000392,13.9795158685433,3893.98802300994
404,20.99,14.2187912087912,91,51.8156999968838,8.12242563980527,1087.61154293459
405,19.9,12.007,140,103.911499997282,11.5023576256908,2067.83884994591
406,26.67,18.8707189542484,153,75.4061999984894,9.79847721619463,2011.08335395971
407,21.89,14.4035625,160,91.1184999989062,10.7710573972827,1994.58396497606
408,25.05,15.9555102040816,196,93.3519999969064,10.9022684784488,2338.4675999225
409,24.49,14.3148066298343,181,85.5184500010867,10.4348201875183,2094.34684052661
410,22.48,14.1452717391304,184,106.542499998338,11.6470650463037,2395.07539996263
411,15.55,9.52183544303798,158,90.4136500012092,10.7293165935853,1405.9322575188
412,18.59,10.8503243243243,185,90.3513999980202,10.7256223781962,1679.6325259632
413,21.93,14.3748538011696,171,85.4516999996233,10.4307470300246,1873.95578099174
414,25.11,15.8492913385827,254,122.151549999958,12.4710939339996,3067.22542049894
415,22.42,12.5023636363636,55,31.9183499997998,6.37492787586202,715.609406995511
416,20.97,11.7525,128,64.0452500007232,9.03022397027729,1343.02889251516
417,21.88,15.4788721804511,133,80.9594499964621,10.1528701979049,1771.39276592259
418,24.45,16.6763076923077,130,87.7444999993895,10.5697571983578,2145.35302498507
419,22.19,16.4243396226415,53,27.2449500010533,5.88976635662853,604.565440523372
420,21.55,14.1051428571429,105,44.0745000004047,7.49115453818337,949.805475008722
421,22.6,15.1067346938776,98,54.850700001599,8.35691811007149,1239.62582003614
422,24.79,14.5017272727273,220,110.113700000549,11.8406552714706,2729.71862301361
423,24.55,16.2269166666667,120,63.8779499991343,9.01842181179796,1568.20367247875
424,21.04,14.3117733990148,203,132.469249997793,12.9871123641323,2787.15301995356
425,21.87,12.7744444444444,99,51.1856500000576,8.07289252393755,1119.43016550126
426,21.47,12.9545,100,53.9064500004185,8.2846740344338,1157.37148150898
427,16.83,8.73636363636364,176,112.406999999125,11.9633205049406,1891.80980998528
428,21.34,14.5389411764706,85,38.7753999996707,7.02640538557978,827.467035992973
429,24.21,19.87,69,38.8706500015842,7.03503011447548,941.058436538354
430,22.17,13.5596385542169,83,36.7271499994359,6.83830825165858,814.240915487493
431,20.68,11.9533913043478,115,59.3611499969327,8.69373128162185,1227.58858193657
432,23.66,15.6753496503497,286,149.001249999869,13.7736808339239,3525.36957499689
433,24.12,15.6196,150,95.8615499985988,11.0478376290486,2312.1805859662
434,21.25,14.9094936708861,79,42.923700001898,7.39270939837116,912.128625040333
435,25.47,16.2568235294118,170,100.002799999197,11.2839496428874,2547.07131597956
436,21.14,13.9332989690722,97,47.4992000000784,7.77675123579148,1004.13308800166
437,23.51,14.5327631578947,228,123.123650000361,12.5206189971818,2894.63701150848
438,22.47,16.995,98,55.178950002417,8.38188649291087,1239.87100655431
439,21.45,11.8279104477612,134,93.0074999992589,10.8821333825685,1995.0108749841
440,18.84,11.8668322981366,161,73.7447999984769,9.68993269205965,1389.35203197131
441,22.77,14.148306010929,183,86.2752499991559,10.4808902308362,1964.48744248078
442,21.97,13.4273949579832,119,49.3189499996826,7.92431936789603,1083.53733149303
444,20.37,11.5275,160,83.3578500016248,10.3021605008935,1697.9994045331
445,24.56,14.7205769230769,156,87.4832000026945,10.5540072836533,2148.58739206618
446,20.73,12.8372151898734,158,86.4217999976128,10.4897880476277,1791.52391395051
447,20.86,9.97343373493976,166,111.040899997853,11.8904022202888,2316.31317395522
448,24.76,18.0770886075949,158,100.753599998,11.3262291956274,2494.65913595047
449,19.3,13.8427586206897,58,44.7043500011582,7.54449111889967,862.793955022353
450,21.88,14.4180952380952,126,61.377700001133,8.84016486307433,1342.94407602479
451,22.56,14.9363043478261,92,43.7679999999399,7.46506184796162,987.406079998644
452,22.52,14.7793564356436,202,106.790650000036,11.6606208491666,2404.92543800081
453,20.58,13.2209589041096,73,39.7565499994341,7.11474606866052,818.189798988355
454,19.62,12.1659183673469,49,28.6956999999423,6.04454299379062,563.009633998867
455,23.02,11.654598540146,137,84.2105500004836,10.3547188443006,1938.52686101113
456,19.43,13.8284166666667,120,76.3219999984601,9.85779836126284,1482.93645997008
457,18.67,11.0906040268456,149,76.471300000867,9.8674354924879,1427.71917101619
458,16.2,8.61910994764398,191,88.5128499992425,10.6159342893712,1433.90816998773
459,17.96,10.2878125,96,42.4662999996945,7.35321511164999,762.694747994512
460,23.48,17.6815492957746,71,43.9880000006011,7.48379991011088,1032.83824001411
461,22.42,14.865625,112,63.6652000010714,9.0033910425371,1427.37378402402
462,23.98,15.7440639269406,219,111.483250001873,11.9140623835022,2673.36833504492
463,22.83,11.8439,200,88.3706999995755,10.6074063670337,2017.50308099031
464,22.66,17.9524444444444,90,64.8040500012371,9.08356092733295,1468.45977302803
465,22.97,14.6112244897959,49,21.8762500003385,5.27766109095152,502.497462507776
466,17.49,9.13788461538462,104,54.3733500008128,8.32047471006075,950.989891514217
467,18.42,12.5195890410959,73,43.7632500005384,7.46465675746827,806.119065009918
468,18.61,9.71775862068966,174,88.6402500002795,10.623571506587,1649.5950525052
469,24.54,17.2433644859813,107,60.6415999990858,8.78699511635507,1488.14486397756
470,21.85,16.1350925925926,108,75.8998500030667,9.83049797636782,1658.41172256701
471,24.48,14.9106666666667,90,46.9968000011411,7.73551447787815,1150.48166402794
472,21.54,14.3290909090909,242,143.471800002479,13.5156934456761,3090.3825720534
473,22.44,14.2368292682927,82,51.5794499991557,8.10388767411143,1157.44285798105
474,22.2,13.9893333333333,135,72.5009500012475,9.60786534941322,1609.52109002769
475,19.9,11.85125,128,65.6130999997045,9.1400871753111,1305.70068999412
476,23.15,13.7012738853503,157,108.556449999117,11.7566306812344,2513.08181747957
477,22.51,14.3391743119266,109,61.7275499996156,8.86532332513189,1389.48715049135
478,22.22,13.6297333333333,75,44.1101999975421,7.49418781210129,980.128643945385
479,21.01,13.3277272727273,110,63.6554499999166,9.00270160439663,1337.40100449825
480,19.35,11.033381294964,139,77.5850999971342,9.93903503357259,1501.27168494455
481,22.79,16.172027027027,74,43.7967499984503,7.46751324263349,998.127932464682
482,23.32,15.5837931034483,145,90.2974499950087,10.7224196953109,2105.7365338836
483,16.52,8.08447368421053,76,33.7029500001535,6.55071970965232,556.772734002535
484,20.99,13.8950769230769,65,37.1648999999352,6.87894035124927,780.091250998641
485,21.33,11.5698378378378,185,108.7730500002,11.7683536937717,2320.12915650426
486,14.61,8.26829931972789,147,77.7860500008144,9.95189805463176,1136.4541905119
487,13.33,8.14439252336449,107,62.9822499999115,8.95497020186463,839.553392498821
488,21.91,13.0063157894737,152,103.359249999537,11.4717515843736,2264.60116748985
489,19.41,12.0430833333333,120,58.9811000000198,8.6658565019278,1144.82315100038
490,20.02,14.5084831460674,178,116.641600001009,12.1865785880396,2335.16483202019
491,19.41,12.7014054054054,185,116.791600001912,12.1944119831719,2266.92495603711
492,26.61,20.2246621621622,148,111.766900000775,11.9292093985078,2974.11720902063
494,13.48,5.4132,100,64.8065000020442,9.08373263358638,873.591620027556
495,18.98,13.3594366197183,142,76.2843999982184,9.8553698420773,1447.87791196619
496,15.76,9.82724770642202,109,49.0519000014088,7.90283612547979,773.057944022202
497,21.79,13.7918181818182,165,87.5801499995891,10.5598537070034,1908.37146849105
498,21.74,13.5130534351145,131,84.7216999998577,10.3860973776009,1841.84975799691
499,18.91,13.1972340425532,94,53.7369000008518,8.27163503139274,1016.16477901611
500,19.91,14.5568902439024,164,109.102650000675,11.7861702183644,2172.23376151344
501,18.62,14.5742168674699,83,60.0436000008179,8.74356254219649,1118.01183201523
502,21.19,13.5071921182266,203,112.124349998446,11.9482700147656,2375.91497646708
503,15.64,8.53648351648352,91,51.8382000030513,8.12418895470651,810.749448047722
504,22.79,14.901,90,53.5718499987452,8.25892232092195,1220.9024614714
505,21.42,11.762349726776,183,120.42654999758,12.3827236782925,2579.53670094817
506,17.2,11.8166071428571,112,52.243399998691,8.15587903476691,898.586479977486
507,19.92,12.0476923076923,104,56.5177000028079,8.48295765762471,1125.83258405593
508,19.32,14.3766829268293,205,148.749549998821,13.76204233826,2873.84130597723
509,17.92,13.5013414634146,82,52.4919999987504,8.17526086315581,940.656639977606
510,22.92,17.8492452830189,53,37.71160000017,6.9293506489029,864.349872003896
512,16.83,8.91838709677419,93,43.4633500003256,7.4390359568347,731.48818050548
513,19.57,14.3116304347826,92,73.631400002178,9.68247954900943,1440.96649804262
514,20.2,13.3101333333333,75,39.5585999988116,7.09701161425338,799.083719975995
515,18.05,13.0703883495146,103,68.2852500047524,9.32434880451057,1232.54876258578
516,18.46,11.5692024539877,163,108.479249997311,11.7524495693361,2002.52695495036
517,24.95,16.5908133971292,209,136.258750002441,13.1715613660374,3399.6558125609
518,29.14,19.5104639175258,194,116.138600001733,12.1602737712761,3384.27880405051
519,23,16.0180869565217,115,86.484300001991,10.4935804547959,1989.13890004579
520,14.92,10.1877215189873,79,61.347550000963,8.83799336013803,915.305446014368
522,18.7,14.1195238095238,84,63.9915499982012,9.02643739171812,1196.64198496636
523,20.09,13.165,84,49.0705999976347,7.90434237624292,985.828353952481
524,21.38,14.3002247191011,89,57.0032500001299,8.51931875671935,1218.72948500278
525,21.94,16.4871171171171,111,77.9716000034569,9.96376055968196,1710.69690407584
526,19.12,15.0393277310924,119,86.8898999980174,10.5181584279549,1661.33488796209
527,15.83,9.0983185840708,113,78.2673999992982,9.98264237277442,1238.97294198889
528,16.32,10.7505194805195,77,40.1170999999203,7.14693487727386,654.711071998699
529,18.9,13.7680833333333,120,80.4245999990232,10.1192776959753,1520.02493998154
530,17.5,11.4919801980198,101,69.2694999994069,9.39130803686457,1212.21624998962
531,14.66,8.03020408163265,98,56.0533999998674,8.44804151840468,821.742843998056
532,14.91,7.91442477876106,113,70.6014500003332,9.48116860181626,1052.66761950497
533,22.22,16.6040579710145,69,48.3651499993432,7.84731938729472,1074.67363298541
534,15.82,9.11572916666667,96,61.1138499982189,8.82114338103317,966.821106971824
535,22.06,13.458515625,128,84.7246500002289,10.3862781974169,1869.02577900505
536,17.24,11.0091860465116,86,69.7957500013323,9.42691407387092,1203.27873002297
537,16.46,10.7610869565217,46,28.1308999998906,5.98476184228337,463.034613998199
538,20.09,11.5637301587302,126,82.0802000023644,10.2229035250648,1648.9912180475
539,17.37,11.7276271186441,118,78.5721500021173,10.0020582130659,1364.79824553678
540,20.51,13.002298136646,161,95.151250002191,11.0068312530797,1951.55213754494
541,18.28,12.3308805031447,159,105.556900000263,11.5930677260158,1929.58013200481
542,21.2,13.7299019607843,102,60.4928499992698,8.77621152849012,1282.44841998452
543,22.45,12.7428925619835,121,96.9708499986915,11.1115759865518,2176.99558247062
544,19.1,13.0301973684211,152,113.950700000395,12.0451873123981,2176.45837000754
545,17.49,11.1128571428571,84,62.8049500007816,8.94235684515608,1098.45857551367
546,18.65,11.8603787878788,132,90.3471499964584,10.7253701162063,1684.97434743395
547,18.17,13.4967123287671,73,53.0739000014873,8.22044939618348,964.352763027025
548,23.51,15.8531632653061,196,119.507200002711,12.3353675633937,2809.61427206375
549,21.61,11.9511764705882,153,118.548150002492,12.2857719553298,2561.82552155385
550,17.3,9.77043956043956,91,60.3606499986125,8.7666165950241,1044.239244976
551,17.51,10.2992307692308,104,82.6035499992328,10.255442769307,1446.38816048657
552,17.86,11.1412371134021,97,76.8168000014848,9.88970108051313,1371.94804802652
553,21.06,12.0899342105263,152,84.0826500002321,10.3468524202494,1770.78060900489
554,13.08,6.2848051948052,77,72.4265000001024,9.60293100500528,947.338620001339
555,17.02,6.89634146341463,41,23.4149499994957,5.46011357733101,398.522448991417
556,15.01,7.76236842105263,114,82.3546499959772,10.2399803255525,1236.14329643962
557,13.35,8.01548076923077,104,75.845650004954,9.8269873757144,1012.53942756614
