"tree_id","file_name","file_path","file_size_mb","match_id","reference_id","species","reference_height_m","reference_dbh_cm","point_count","minimum_z_m","maximum_z_m","calculated_height_m","processing_status","error_message","height_error_m","absolute_height_error_m"
"WL01","WL01_PicAbi_2020-12-04.laz","data/raw/tls/site1_WL_group1/WL01_PicAbi_2020-12-04.laz",3.51,"WL1","WL1","Picea abies",34.406,57.9660029,1096679,-0.541,33.865,34.406,"success",NA,0,0
"WL03","WL03_PicAbi_2020-12-04.laz","data/raw/tls/site1_WL_group1/WL03_PicAbi_2020-12-04.laz",11.04,"WL3","WL3","Picea abies",36.84238,64.1209429,2514463,-0.50766,35.96883,36.47649,"success",NA,-0.365889999999993,0.365889999999993
"WL04","WL04_PicAbi_2020-12-04.laz","data/raw/tls/site1_WL_group1/WL04_PicAbi_2020-12-04.laz",6.66,"WL4","WL4","Picea abies",17.807,25.4611696,2123603,0.023,17.83,17.807,"success",NA,3.5527136788005e-15,3.5527136788005e-15
"WL05","WL05_PicAbi_2020-12-04.laz","data/raw/tls/site1_WL_group1/WL05_PicAbi_2020-12-04.laz",12.56,"WL5","WL5","Picea abies",35.79492,60.7912025,2814788,-0.02026,35.77466,35.79492,"success",NA,7.105427357601e-15,7.105427357601e-15
"WL06","WL06_PicAbi_2020-12-04.laz","data/raw/tls/site1_WL_group1/WL06_PicAbi_2020-12-04.laz",10.24,"WL6","WL6","Picea abies",36.01304,67.826388,2310863,0.35146,36.3645,36.01304,"success",NA,0,0
"WL07","WL07_PicAbi_2020-12-04.laz","data/raw/tls/site1_WL_group1/WL07_PicAbi_2020-12-04.laz",9.26,"WL7","WL7","Picea abies",36.92106,65.0340266,2089490,0.04842,36.96948,36.92106,"success",NA,7.105427357601e-15,7.105427357601e-15
"WL08","WL08_PicAbi_2020-12-04.laz","data/raw/tls/site1_WL_group1/WL08_PicAbi_2020-12-04.laz",7.13,"WL8","WL8","Picea abies",22.28077,31.1725665,1611265,-0.16431,22.11646,22.28077,"success",NA,3.5527136788005e-15,3.5527136788005e-15
"WL09","WL09_AcePse_2020-12-04.laz","data/raw/tls/site1_WL_group1/WL09_AcePse_2020-12-04.laz",3.72,"WL9","WL9","Acer pseudoplatanus",28.014,58.2299524,1088625,0.785,28.799,28.014,"success",NA,3.5527136788005e-15,3.5527136788005e-15
"WL10","WL10_CarBet_2020-12-04.laz","data/raw/tls/site1_WL_group1/WL10_CarBet_2020-12-04.laz",2.67,"WL10","WL10","Carpinus betulus",27.552,33.0686281,759798,0.939,28.491,27.552,"success",NA,3.5527136788005e-15,3.5527136788005e-15
"WL11","WL11_AcePse_2020-12-04.laz","data/raw/tls/site1_WL_group1/WL11_AcePse_2020-12-04.laz",3.24,"WL11","WL11","Acer pseudoplatanus",27.66466,42.1268342,692060,0.86879,28.53345,27.66466,"success",NA,0,0
"WL15","WL15_FagSyl_2020-12-04.laz","data/raw/tls/site1_WL_group1/WL15_FagSyl_2020-12-04.laz",1.11,"WL15","WL15","Fagus sylvatica",28.39504,52.1980783,220393,-1.82289,26.57215,28.39504,"success",NA,0,0
"WL16","WL16_FagSyl_2020-12-04.laz","data/raw/tls/site1_WL_group1/WL16_FagSyl_2020-12-04.laz",0.33,"WL16","WL16","Fagus sylvatica",29.04555,45.8658455,66822,-1.68966,27.35589,29.04555,"success",NA,3.5527136788005e-15,3.5527136788005e-15
"WL17","WL17_FagSyl_2020-12-04.laz","data/raw/tls/site1_WL_group1/WL17_FagSyl_2020-12-04.laz",1.35,"WL17","WL17","Fagus sylvatica",31.36876,44.4643153,271767,-0.59509,30.77367,31.36876,"success",NA,0,0
"WL19","WL19_FagSyl_2020-12-04.laz","data/raw/tls/site1_WL_group1/WL19_FagSyl_2020-12-04.laz",6.62,"WL19","WL19","Fagus sylvatica",29.6015,50.4970793,1352136,-0.46649,29.13501,29.6015,"success",NA,0,0
"WL20","WL20_FraExc_2020-12-04.laz","data/raw/tls/site1_WL_group1/WL20_FraExc_2020-12-04.laz",0.91,"WL20","WL20","Fraxinus excelsior",26.93338,54.812663,190180,1.07156,28.00494,26.93338,"success",NA,0,0
"WL21","WL21_AcePse_2020-12-04.laz","data/raw/tls/site1_WL_group1/WL21_AcePse_2020-12-04.laz",1.37,"WL21","WL21","Acer pseudoplatanus",27.83774,44.8043401,285844,-0.51628,27.32146,27.83774,"success",NA,3.5527136788005e-15,3.5527136788005e-15
"WL24","WL24_AcePse_2020-12-04.laz","data/raw/tls/site1_WL_group1/WL24_AcePse_2020-12-04.laz",2.51,"WL24","WL24","Acer pseudoplatanus",31.98328,57.9195793,521624,-1.63422,30.34906,31.98328,"success",NA,0,0
"WL25","WL25_PicAbi_2020-12-04.laz","data/raw/tls/site1_WL_group1/WL25_PicAbi_2020-12-04.laz",8.41,"WL25","WL25","Picea abies",35.89375,61.8539741,1796004,-1.16407,34.72968,35.89375,"success",NA,7.105427357601e-15,7.105427357601e-15
"WL26","WL26_PicAbi_2020-12-04.laz","data/raw/tls/site1_WL_group1/WL26_PicAbi_2020-12-04.laz",7.48,"WL26","WL26","Picea abies",31.6779,58.5943985,1601828,-1.47276,30.20514,31.6779,"success",NA,3.5527136788005e-15,3.5527136788005e-15
"WL27","WL27_PicAbi_2020-12-04.laz","data/raw/tls/site1_WL_group1/WL27_PicAbi_2020-12-04.laz",6.25,"WL27","WL27","Picea abies",28.27302,37.2985834,1336409,-1.93164,26.34138,28.27302,"success",NA,3.5527136788005e-15,3.5527136788005e-15
"WL32","WL32_BetPen_2020-12-04.laz","data/raw/tls/site1_WL_group1/WL32_BetPen_2020-12-04.laz",0.58,"WL32","WL32","Betula pendula",30.08374,42.6552559,116413,-3.08029,27.00345,30.08374,"success",NA,3.5527136788005e-15,3.5527136788005e-15
"WL33","WL33_CarBet_2020-12-04.laz","data/raw/tls/site1_WL_group1/WL33_CarBet_2020-12-04.laz",0.12,"WL33","WL33","Carpinus betulus",29.289,48.9364064,23503,-3.31062,25.97838,29.289,"success",NA,0,0
"WL12","WL12_FagSyl_2020-12-04.laz","data/raw/tls/site1_WL_group2/WL12_FagSyl_2020-12-04.laz",4.93,"WL12","WL12","Fagus sylvatica",25.599,43.5879105,1416839,-1.729,23.87,25.599,"success",NA,0,0
"WL13","WL13_FagSyl_2020-12-04.laz","data/raw/tls/site1_WL_group2/WL13_FagSyl_2020-12-04.laz",5.24,"WL13","WL13","Fagus sylvatica",26.237,41.7892507,1537636,-0.811,25.426,26.237,"success",NA,3.5527136788005e-15,3.5527136788005e-15
"WL14","WL14_FagSyl_2020-12-04.laz","data/raw/tls/site1_WL_group2/WL14_FagSyl_2020-12-04.laz",4.32,"WL14","WL14","Fagus sylvatica",25.59709,33.2556616,895570,-0.65874,24.93835,25.59709,"success",NA,3.5527136788005e-15,3.5527136788005e-15
"WL22","WL22_FraExc_2020-12-04.laz","data/raw/tls/site1_WL_group2/WL22_FraExc_2020-12-04.laz",2.63,"WL22","WL22","Fraxinus excelsior",33.25786,62.5681629,556979,-0.7547,32.50316,33.25786,"success",NA,0,0
"WL28","Wl28_FraExc_2020-12-04.laz","data/raw/tls/site1_WL_group2/Wl28_FraExc_2020-12-04.laz",1.97,"WL28","WL28","Fraxinus excelsior",32.52089,51.8342924,415900,-1.97801,30.54288,32.52089,"success",NA,0,0
"WL29","WL29_QueRob_2020-12-04.laz","data/raw/tls/site1_WL_group2/WL29_QueRob_2020-12-04.laz",5.79,"WL29","WL29","Quercus spp.",30.0057,72.6246721,1201613,-0.88705,29.11865,30.0057,"success",NA,0,0
"WL30","WL30_BetPen_2020-12-04.laz","data/raw/tls/site1_WL_group2/WL30_BetPen_2020-12-04.laz",3.17,"WL30","WL30","Betula pendula",27.36797,46.9620379,645446,-0.80214,26.56583,27.36797,"success",NA,3.5527136788005e-15,3.5527136788005e-15
"WL31","WL31_FagSyl_2020-12-04.laz","data/raw/tls/site1_WL_group2/WL31_FagSyl_2020-12-04.laz",2.95,"WL31","WL31","Fagus sylvatica",26.66993,31.5962125,611819,-1.06118,25.60875,26.66993,"success",NA,0,0
"AD01","AD01_FagSyl_2021-01-08.laz","data/raw/tls/site2_AD/AD01_FagSyl_2021-01-08.laz",2.73,"AD1","AD1","Fagus sylvatica",28.35947239,57.6540138,723951,-5.3899998664856,22.7269901335144,28.11699,"success",NA,-0.242482389999999,0.242482389999999
"AD02","AD02_FraExc_2021-01-08.laz","data/raw/tls/site2_AD/AD02_FraExc_2021-01-08.laz",0.56,"AD2","AD2","Fraxinus excelsior",29.95110035,53.0481507,155896,-4.22200012207031,25.5149898779297,29.73699,"success",NA,-0.214110349999999,0.214110349999999
"AD04","AD04_AcePse_2021-01-08.laz","data/raw/tls/site2_AD/AD04_AcePse_2021-01-08.laz",0.43,"AD4","AD4","Acer pseudoplatanus",26.69726563,33.567038,123156,4.592,30.699,26.107,"success",NA,-0.590265630000001,0.590265630000001
"AD05","AD05_SorAri_2021-01-08.laz","data/raw/tls/site2_AD/AD05_SorAri_2021-01-08.laz",0.4,"AD5","AD5","Sorbus aria",28.06689453,33.7008339,116061,4.592,30.699,26.107,"success",NA,-1.95989453,1.95989453
"AD06","AD06_LarDec_2021-01-08.laz","data/raw/tls/site2_AD/AD06_LarDec_2021-01-08.laz",0.63,"AD6","AD6","Larix decidua",30.11767578,43.6195909,189165,2.028,31.601,29.573,"success",NA,-0.544675779999995,0.544675779999995
"AD07","AD07_LarDec_2021-01-08.laz","data/raw/tls/site2_AD/AD07_LarDec_2021-01-08.laz",0.84,"AD7","AD7","Larix decidua",30.62652588,51.6366559,247472,2.694,32.726,30.032,"success",NA,-0.594525879999992,0.594525879999992
"AD08","AD08_LarDec_2021-01-08.laz","data/raw/tls/site2_AD/AD08_LarDec_2021-01-08.laz",1.13,"AD8","AD8","Larix decidua",28.43115234,45.2276063,332967,2.035,30.268,28.233,"success",NA,-0.198152339999996,0.198152339999996
"AD09","AD09_LarDec_2021-01-08.laz","data/raw/tls/site2_AD/AD09_LarDec_2021-01-08.laz",0.39,"AD9","AD9","Larix decidua",29.73876929,39.9229778,117358,3.085,31.65,28.565,"success",NA,-1.17376929,1.17376929
"AD10","AD10_SorAri_2021-01-08.laz","data/raw/tls/site2_AD/AD10_SorAri_2021-01-08.laz",0.61,"AD10","AD10","Sorbus aria",21.06201124,25.0869558,174175,3.471,23.761,20.29,"success",NA,-0.772011239999998,0.772011239999998
"AD11","AD11_SorAri_2021-01-08.laz","data/raw/tls/site2_AD/AD11_SorAri_2021-01-08.laz",0.85,"AD11","AD11","Sorbus aria",23.61132813,31.1045951,243640,2.885,26.497,23.612,"success",NA,0.000671870000001462,0.000671870000001462
"AD12","AD12_PinNig_2021-01-08.laz","data/raw/tls/site2_AD/AD12_PinNig_2021-01-08.laz",1.27,"AD12","AD12","Pinus spp.",28.90559864,50.9889448,382803,2.602,31.328,28.726,"success",NA,-0.179598639999998,0.179598639999998
"AD13","AD13_FagSyl_2021-01-08.laz","data/raw/tls/site2_AD/AD13_FagSyl_2021-01-08.laz",3.05,"AD13","AD13","Fagus sylvatica",29.72167993,57.8585128,876834,2.831,30.572,27.741,"success",NA,-1.98067993,1.98067993
"AD14","AD14_PinNig_2021-01-08.laz","data/raw/tls/site2_AD/AD14_PinNig_2021-01-08.laz",2.35,"AD14","AD14","Pinus spp.",29.77753925,58.3965146,702505,2.015,31.226,29.211,"success",NA,-0.566539249999998,0.566539249999998
"AD15","AD15_PinNig_2021-01-08.laz","data/raw/tls/site2_AD/AD15_PinNig_2021-01-08.laz",1.61,"AD15","AD15","Pinus spp.",28.70624995,49.354417,474657,1.946,30.409,28.463,"success",NA,-0.243249949999999,0.243249949999999
"AD16","AD16_PinNig_2021-01-08.laz","data/raw/tls/site2_AD/AD16_PinNig_2021-01-08.laz",2.5,"AD16","AD16","Pinus spp.",28.39460444,61.1480733,735634,1.792,29.516,27.724,"success",NA,-0.670604439999998,0.670604439999998
"AD17","AD17_QuePet_2021-01-08.laz","data/raw/tls/site2_AD/AD17_QuePet_2021-01-08.laz",0.57,"AD17","AD17","Quercus spp.",27.51904333,41.9183312,177595,1.29,28.477,27.187,"success",NA,-0.332043329999994,0.332043329999994
"AD18","AD18_PinSyl_2021-01-08.laz","data/raw/tls/site2_AD/AD18_PinSyl_2021-01-08.laz",1.89,"AD18","AD18","Pinus spp.",30.29622409,53.8636118,570618,0.445,30.741,30.296,"success",NA,-0.000224089999996124,0.000224089999996124
"AD20","AD20_FraExc_2021-01-08.laz","data/raw/tls/site2_AD/AD20_FraExc_2021-01-08.laz",0.9,"AD20","AD20","Fraxinus excelsior",30.13635251,48.4300735,277513,-0.411,29.599,30.01,"success",NA,-0.126352509999993,0.126352509999993
"AD21","AD21_PinSyl_2021-01-08.laz","data/raw/tls/site2_AD/AD21_PinSyl_2021-01-08.laz",1.7,"AD21","AD21","Pinus spp.",30.24609351,48.4830582,517512,-0.927,28.91,29.837,"success",NA,-0.409093509999998,0.409093509999998
"AD22","AD22_PinSyl_2021-01-08.laz","data/raw/tls/site2_AD/AD22_PinSyl_2021-01-08.laz",0.78,"AD22","AD22","Pinus spp.",29.07128945,44.4140452,229136,-0.465,28.607,29.072,"success",NA,0.000710550000004417,0.000710550000004417
"AD25","AD25_AcePse_2021-01-08.laz","data/raw/tls/site2_AD/AD25_AcePse_2021-01-08.laz",0.93,"AD25","AD25","Acer pseudoplatanus",28.72802749,48.7113547,290074,0.078,28.512,28.434,"success",NA,-0.294027489999994,0.294027489999994
"AD26","AD26_PinSyl_2021-01-08.laz","data/raw/tls/site2_AD/AD26_PinSyl_2021-01-08.laz",0.96,"AD26","AD26","Pinus spp.",27.66699226,60.4774049,306938,-0.134,27.533,27.667,"success",NA,7.74000000092201e-06,7.74000000092201e-06
"AD27","AD27_FagSyl_2021-01-08.laz","data/raw/tls/site2_AD/AD27_FagSyl_2021-01-08.laz",0.91,"AD27","AD27","Fagus sylvatica",26.74902344,46.8665372,265017,-1.142,25.427,26.569,"success",NA,-0.180023439999996,0.180023439999996
"AD28","AD28_AcePse_2021-01-08.laz","data/raw/tls/site2_AD/AD28_AcePse_2021-01-08.laz",0.44,"AD28","AD28","Acer pseudoplatanus",23.2956543,30.8081245,134612,-1.49,21.713,23.203,"success",NA,-0.092654299999996,0.092654299999996
"AD29","AD29_FagSyl_2021-01-08.laz","data/raw/tls/site2_AD/AD29_FagSyl_2021-01-08.laz",1.14,"AD29","AD29","Fagus sylvatica",31.74687666,42.0746799,336584,-0.587,30.465,31.052,"success",NA,-0.694876659999998,0.694876659999998
"AD30","AD30_Fagsyl_2021-01-08.laz","data/raw/tls/site2_AD/AD30_Fagsyl_2021-01-08.laz",2.55,"AD30","AD30","Fagus sylvatica",29.68882519,45.5876006,748882,-0.886,28.655,29.541,"success",NA,-0.147825189999999,0.147825189999999
"AD31","AD31_FagSyl_2021-01-08.laz","data/raw/tls/site2_AD/AD31_FagSyl_2021-01-08.laz",2.37,"AD31","AD31","Fagus sylvatica",29.4997831,46.2110122,698485,-0.272,29.228,29.5,"success",NA,0.00021690000000163,0.00021690000000163
"AD32","AD32_FagSyl_2021-01-08.laz","data/raw/tls/site2_AD/AD32_FagSyl_2021-01-08.laz",2.05,"AD32","AD32","Fagus sylvatica",30.41259757,43.589368,604978,-0.298,30.115,30.413,"success",NA,0.000402430000004728,0.000402430000004728
"AD33","AD33_FagSyl_2021-01-08.laz","data/raw/tls/site2_AD/AD33_FagSyl_2021-01-08.laz",1.42,"AD33","AD33","Fagus sylvatica",29.42919913,41.5370473,416671,0.396,29.624,29.228,"success",NA,-0.201199129999999,0.201199129999999
