"tree_id","species","method_used","reference_dbh_cm","estimated_dbh_cm","error_cm","absolute_error_cm","circle_rmse_mm","circumference_completeness_percent","original_slice_points","retained_points","removed_points","accepted_tracking_heights","processing_status","error_message","quality_flag"
"WL01","Picea abies","base-to-DBH tracking",57.9660029,59.6821224138571,1.71611951385714,1.71611951385714,24.1966350221581,100,1269,1041,228,11,"success",NA,"inspect"
"WL03","Picea abies","base-to-DBH tracking",64.1209429,66.2347503233256,2.11380742332555,2.11380742332555,17.5095367023627,100,1020,1000,20,11,"success",NA,"acceptable"
"WL04","Picea abies","base-to-DBH tracking",25.4611696,26.4994320907409,1.03826249074092,1.03826249074092,21.5716493234793,86.1111111111111,468,459,9,11,"success",NA,"inspect"
"WL05","Picea abies","base-to-DBH tracking",60.7912025,64.0342866491177,3.24308414911766,3.24308414911766,22.2416259216869,83.3333333333333,739,695,44,11,"success",NA,"inspect"
"WL06","Picea abies","base-to-DBH tracking",67.826388,77.8329122987956,10.0065242987956,10.0065242987956,23.130100440874,100,1306,1240,66,11,"success",NA,"inspect"
"WL07","Picea abies","base-to-DBH tracking",65.0340266,67.4560904410374,2.42206384103739,2.42206384103739,13.0845809736661,100,1159,1157,2,11,"success",NA,"acceptable"
"WL08","Picea abies","base-to-DBH tracking",31.1725665,33.6006605108387,2.42809401083874,2.42809401083874,36.4762618443637,100,1775,899,876,11,"success",NA,"inspect"
"WL09","Acer pseudoplatanus","base-to-DBH tracking",58.2299524,58.4197244971356,0.189772097135602,0.189772097135602,18.0752454751548,100,956,947,9,11,"success",NA,"acceptable"
"WL10","Carpinus betulus","base-to-DBH tracking",33.0686281,33.0116534007091,-0.056974699290862,0.056974699290862,15.5456918533408,100,497,475,22,11,"success",NA,"acceptable"
"WL11","Acer pseudoplatanus","base-to-DBH tracking",42.1268342,42.4630988673926,0.336264667392548,0.336264667392548,25.1630302664138,100,700,662,38,11,"success",NA,"inspect"
"WL15","Fagus sylvatica",NA,52.1980783,NA,NA,NA,NA,NA,NA,NA,NA,NA,"failed","Stem tracking failed and the direct fit did not pass quality control.","failed"
"WL16","Fagus sylvatica",NA,45.8658455,NA,NA,NA,NA,NA,NA,NA,NA,NA,"failed","Stem tracking failed and the direct fit did not pass quality control.","failed"
"WL17","Fagus sylvatica",NA,44.4643153,NA,NA,NA,NA,NA,NA,NA,NA,NA,"failed","Stem tracking failed and the direct fit did not pass quality control.","failed"
"WL19","Fagus sylvatica",NA,50.4970793,NA,NA,NA,NA,NA,NA,NA,NA,NA,"failed","Stem tracking failed and the direct fit did not pass quality control.","failed"
"WL20","Fraxinus excelsior","base-to-DBH tracking",54.812663,55.2695107280284,0.456847728028364,0.456847728028364,19.5750718337211,75,549,490,59,11,"success",NA,"acceptable"
"WL21","Acer pseudoplatanus","base-to-DBH tracking",44.8043401,45.7077896737052,0.903449573705245,0.903449573705245,17.0391507983525,100,733,658,75,11,"success",NA,"acceptable"
"WL24","Acer pseudoplatanus","base-to-DBH tracking",57.9195793,58.2985324605787,0.378953160578668,0.378953160578668,18.2427273558287,100,1008,985,23,11,"success",NA,"acceptable"
"WL25","Picea abies","base-to-DBH tracking",61.8539741,62.7465364856357,0.892562385635678,0.892562385635678,16.5454727862298,100,972,962,10,11,"success",NA,"acceptable"
"WL26","Picea abies","base-to-DBH tracking",58.5943985,58.9826083284464,0.388209828446421,0.388209828446421,27.5770032251446,100,1178,950,228,11,"success",NA,"inspect"
"WL27","Picea abies","base-to-DBH tracking",37.2985834,37.6430292678474,0.344445867847433,0.344445867847433,12.4094678297576,100,485,485,0,11,"success",NA,"acceptable"
"WL32","Betula pendula","base-to-DBH tracking",42.6552559,42.5220768662593,-0.13317903374066,0.13317903374066,22.4753785260431,58.3333333333333,277,275,2,8,"success",NA,"inspect"
"WL33","Carpinus betulus",NA,48.9364064,NA,NA,NA,NA,NA,NA,NA,NA,NA,"failed","Insufficient points in the DBH slice.","failed"
"WL12","Fagus sylvatica","direct-fit fallback",43.5879105,44.3391621034205,0.751251603420506,0.751251603420506,10.3089815605178,100,528,522,6,NA,"success",NA,"acceptable"
"WL13","Fagus sylvatica","base-to-DBH tracking",41.7892507,42.7743490319845,0.985098331984538,0.985098331984538,23.1198096078239,100,1718,659,1059,11,"success",NA,"inspect"
"WL14","Fagus sylvatica","base-to-DBH tracking",33.2556616,33.1795451327074,-0.0761164672926,0.0761164672926,13.8468414101039,88.8888888888889,373,372,1,11,"success",NA,"acceptable"
"WL22","Fraxinus excelsior","base-to-DBH tracking",62.5681629,61.8212646907673,-0.746898209232711,0.746898209232711,23.2769452703807,100,1028,968,60,11,"success",NA,"inspect"
"WL28","Fraxinus excelsior","base-to-DBH tracking",51.8342924,54.9467362361331,3.11244383613314,3.11244383613314,26.9846196380047,100,939,894,45,11,"success",NA,"inspect"
"WL29","Quercus spp.","base-to-DBH tracking",72.6246721,111.611020298592,38.9863481985921,38.9863481985921,26.4901402200122,80.5555555555556,1184,1082,102,11,"success",NA,"inspect"
"WL30","Betula pendula","base-to-DBH tracking",46.9620379,47.4230054635041,0.460967563504092,0.460967563504092,31.670560705572,100,782,727,55,11,"success",NA,"inspect"
"WL31","Fagus sylvatica","base-to-DBH tracking",31.5962125,31.7436551108252,0.14744261082518,0.14744261082518,10.3784161942761,100,471,471,0,11,"success",NA,"acceptable"
"AD01","Fagus sylvatica","base-to-DBH tracking",57.6540138,57.0518515309016,-0.602162269098393,0.602162269098393,15.9614961408068,91.6666666666667,620,585,35,11,"success",NA,"acceptable"
"AD02","Fraxinus excelsior",NA,53.0481507,NA,NA,NA,NA,NA,NA,NA,NA,NA,"failed","Stem tracking failed and the direct fit did not pass quality control.","failed"
"AD04","Acer pseudoplatanus","base-to-DBH tracking",33.567038,31.8934159685131,-1.67362203148691,1.67362203148691,21.1301699280809,66.6666666666667,298,276,22,11,"success",NA,"inspect"
"AD05","Sorbus aria","base-to-DBH tracking",33.7008339,31.8934159685131,-1.80741793148691,1.80741793148691,21.1301699280809,66.6666666666667,297,276,21,11,"success",NA,"inspect"
"AD06","Larix decidua","base-to-DBH tracking",43.6195909,43.5808654542631,-0.0387254457369224,0.0387254457369224,6.51320530766318,77.7777777777778,355,355,0,11,"success",NA,"acceptable"
"AD07","Larix decidua","base-to-DBH tracking",51.6366559,53.8009480660545,2.16429216605449,2.16429216605449,12.2862988003336,97.2222222222222,551,551,0,11,"success",NA,"acceptable"
"AD08","Larix decidua","base-to-DBH tracking",45.2276063,45.8307832808082,0.6031769808082,0.6031769808082,9.40108713452338,100,545,545,0,11,"success",NA,"acceptable"
"AD09","Larix decidua","base-to-DBH tracking",39.9229778,40.2312778480722,0.308300048072176,0.308300048072176,5.81556307967544,100,456,456,0,11,"success",NA,"acceptable"
"AD10","Sorbus aria","direct-fit fallback",25.0869558,24.9091100234722,-0.177845776527803,0.177845776527803,7.87284355183785,100,245,245,0,NA,"success",NA,"acceptable"
"AD11","Sorbus aria","base-to-DBH tracking",31.1045951,30.4666248465026,-0.637970253497414,0.637970253497414,10.900382608555,97.2222222222222,332,332,0,11,"success",NA,"acceptable"
"AD12","Pinus spp.","base-to-DBH tracking",50.9889448,51.0417513453686,0.0528065453685613,0.0528065453685613,16.0230657268217,100,866,713,153,11,"success",NA,"acceptable"
"AD13","Fagus sylvatica","base-to-DBH tracking",57.8585128,58.5607367014399,0.70222390143995,0.70222390143995,15.1479900588051,100,5896,606,5290,11,"success",NA,"acceptable"
"AD14","Pinus spp.","base-to-DBH tracking",58.3965146,58.52161387814,0.125099278139984,0.125099278139984,14.8081215315316,100,723,723,0,11,"success",NA,"acceptable"
"AD15","Pinus spp.","base-to-DBH tracking",49.354417,49.9539901320165,0.599573132016545,0.599573132016545,9.91592303545166,86.1111111111111,541,541,0,11,"success",NA,"acceptable"
"AD16","Pinus spp.","base-to-DBH tracking",61.1480733,61.689635805272,0.541562505271941,0.541562505271941,14.2126083967018,91.6666666666667,586,580,6,11,"success",NA,"acceptable"
"AD17","Quercus spp.","base-to-DBH tracking",41.9183312,42.0613924180356,0.143061218035569,0.143061218035569,7.77445104079822,100,489,489,0,11,"success",NA,"acceptable"
"AD18","Pinus spp.","base-to-DBH tracking",53.8636118,53.6226422842672,-0.240969515732772,0.240969515732772,10.0878042620912,100,769,769,0,11,"success",NA,"acceptable"
"AD20","Fraxinus excelsior","base-to-DBH tracking",48.4300735,48.6414810063853,0.211407506385342,0.211407506385342,7.05673213126902,100,599,599,0,11,"success",NA,"acceptable"
"AD21","Pinus spp.","base-to-DBH tracking",48.4830582,48.6418248425903,0.158766642590251,0.158766642590251,8.74970070391935,100,580,580,0,11,"success",NA,"acceptable"
"AD22","Pinus spp.","base-to-DBH tracking",44.4140452,44.377237371489,-0.036807828510959,0.036807828510959,7.05518743537086,83.3333333333333,407,407,0,11,"success",NA,"acceptable"
"AD25","Acer pseudoplatanus","base-to-DBH tracking",48.7113547,48.9525345487387,0.24117984873866,0.24117984873866,15.8516803333893,100,585,585,0,11,"success",NA,"acceptable"
"AD26","Pinus spp.","base-to-DBH tracking",60.4774049,60.1001165044237,-0.377288395576265,0.377288395576265,16.005354735964,100,659,659,0,11,"success",NA,"acceptable"
"AD27","Fagus sylvatica","base-to-DBH tracking",46.8665372,47.2594964820161,0.392959282016136,0.392959282016136,8.5000775181428,97.2222222222222,452,452,0,11,"success",NA,"acceptable"
"AD28","Acer pseudoplatanus","base-to-DBH tracking",30.8081245,30.8351489560691,0.0270244560690962,0.0270244560690962,6.48911302903039,75,254,254,0,11,"success",NA,"acceptable"
"AD29","Fagus sylvatica","base-to-DBH tracking",42.0746799,41.6444437575985,-0.430236142401498,0.430236142401498,12.7910670007615,100,472,472,0,11,"success",NA,"acceptable"
"AD30","Fagus sylvatica","base-to-DBH tracking",45.5876006,45.3416895478702,-0.245911052129806,0.245911052129806,8.18316463258291,100,568,568,0,11,"success",NA,"acceptable"
"AD31","Fagus sylvatica","base-to-DBH tracking",46.2110122,45.6774723002134,-0.533539899786639,0.533539899786639,7.68083930775696,100,562,562,0,11,"success",NA,"acceptable"
"AD32","Fagus sylvatica","base-to-DBH tracking",43.589368,43.6538566091524,0.0644886091524057,0.0644886091524057,7.37068643344384,100,554,554,0,11,"success",NA,"acceptable"
"AD33","Fagus sylvatica","base-to-DBH tracking",41.5370473,42.9451301867972,1.40808288679724,1.40808288679724,9.4282809199072,100,493,493,0,11,"success",NA,"acceptable"
