"tree_id","file_name","total_points","withheld_points","retained_points","withheld_percent","all_height_m","retained_height_m","height_change_m","all_x_extent_m","retained_x_extent_m","x_extent_change_m","all_y_extent_m","retained_y_extent_m","y_extent_change_m","all_convex_hull_area_m2","retained_convex_hull_area_m2","convex_hull_area_change_m2","processing_status","error_message"
"WL01","WL01_PicAbi_2020-12-04.laz",1096679,0,1096679,0,34.406,34.406,0,6.705,6.705,0,6.765,6.765,0,NA,NA,NA,"success",NA
"WL03","WL03_PicAbi_2020-12-04.laz",2514463,0,2514463,0,36.47649,36.47649,0,9.87076,9.87076,0,10.65381,10.65381,0,NA,NA,NA,"success",NA
"WL04","WL04_PicAbi_2020-12-04.laz",2123603,0,2123603,0,17.807,17.807,0,7.759,7.759,0,7.415,7.415,0,NA,NA,NA,"success",NA
"WL05","WL05_PicAbi_2020-12-04.laz",2814788,0,2814788,0,35.79492,35.79492,0,9.887,9.887,0,9.03711,9.03711,0,NA,NA,NA,"success",NA
"WL06","WL06_PicAbi_2020-12-04.laz",2310863,0,2310863,0,36.01304,36.01304,0,10.03808,10.03808,0,10.27099,10.27099,0,NA,NA,NA,"success",NA
"WL07","WL07_PicAbi_2020-12-04.laz",2089490,0,2089490,0,36.92106,36.92106,0,9.30176,9.30176,0,8.39795,8.39795,0,NA,NA,NA,"success",NA
"WL08","WL08_PicAbi_2020-12-04.laz",1611265,0,1611265,0,22.28077,22.28077,0,6.5166,6.5166,0,6.71778,6.71778,0,NA,NA,NA,"success",NA
"WL09","WL09_AcePse_2020-12-04.laz",1088625,0,1088625,0,28.014,28.014,0,11.935,11.935,0,10.4,10.4,0,NA,NA,NA,"success",NA
"WL10","WL10_CarBet_2020-12-04.laz",759798,0,759798,0,27.552,27.552,0,9.646,9.646,0,9.095,9.095,0,NA,NA,NA,"success",NA
"WL11","WL11_AcePse_2020-12-04.laz",692060,0,692060,0,27.66466,27.66466,0,11.19824,11.19824,0,10.56909,10.56909,0,NA,NA,NA,"success",NA
"WL15","WL15_FagSyl_2020-12-04.laz",220393,0,220393,0,28.39504,28.39504,0,11.77201,11.77201,0,14.00912,14.00912,0,NA,NA,NA,"success",NA
"WL16","WL16_FagSyl_2020-12-04.laz",66822,0,66822,0,29.04555,29.04555,0,8.20478,8.20478,0,10.83128,10.83128,0,NA,NA,NA,"success",NA
"WL17","WL17_FagSyl_2020-12-04.laz",271767,0,271767,0,31.36876,31.36876,0,7.94859,7.94859,0,8.69391,8.69391,0,NA,NA,NA,"success",NA
"WL19","WL19_FagSyl_2020-12-04.laz",1352136,0,1352136,0,29.6015,29.6015,0,13.52909,13.52909,0,10.58718,10.58718,0,NA,NA,NA,"success",NA
"WL20","WL20_FraExc_2020-12-04.laz",190180,0,190180,0,26.93338,26.93338,0,11.25298,11.25298,0,9.01281,9.01281,0,NA,NA,NA,"success",NA
"WL21","WL21_AcePse_2020-12-04.laz",285844,0,285844,0,27.83774,27.83774,0,8.5001,8.5001,0,7.28299,7.28299,0,NA,NA,NA,"success",NA
"WL24","WL24_AcePse_2020-12-04.laz",521624,0,521624,0,31.98328,31.98328,0,8.12624,8.12624,0,8.70118,8.70118,0,NA,NA,NA,"success",NA
"WL25","WL25_PicAbi_2020-12-04.laz",1796004,0,1796004,0,35.89375,35.89375,0,7.01386,7.01386,0,6.95523,6.95523,0,NA,NA,NA,"success",NA
"WL26","WL26_PicAbi_2020-12-04.laz",1601828,0,1601828,0,31.6779,31.6779,0,8.26992,8.26992,0,8.41334,8.41334,0,NA,NA,NA,"success",NA
"WL27","WL27_PicAbi_2020-12-04.laz",1336409,0,1336409,0,28.27302,28.27302,0,7.91128,7.91128,0,8.3943,8.3943,0,NA,NA,NA,"success",NA
"WL32","WL32_BetPen_2020-12-04.laz",116413,0,116413,0,30.08374,30.08374,0,11.20436,11.20436,0,8.90504,8.90504,0,NA,NA,NA,"success",NA
"WL33","WL33_CarBet_2020-12-04.laz",23503,0,23503,0,29.289,29.289,0,9.28365,9.28365,0,11.98447,11.98447,0,NA,NA,NA,"success",NA
"WL12","WL12_FagSyl_2020-12-04.laz",1416839,0,1416839,0,25.599,25.599,0,10.685,10.685,0,10.096,10.096,0,NA,NA,NA,"success",NA
"WL13","WL13_FagSyl_2020-12-04.laz",1537636,0,1537636,0,26.237,26.237,0,10.025,10.025,0,11.697,11.697,0,NA,NA,NA,"success",NA
"WL14","WL14_FagSyl_2020-12-04.laz",895570,0,895570,0,25.59709,25.59709,0,8.09564,8.09564,0,10.79826,10.79826,0,NA,NA,NA,"success",NA
"WL22","WL22_FraExc_2020-12-04.laz",556979,0,556979,0,33.25786,33.25786,0,13.64986,13.64986,0,14.58177,14.58177,0,NA,NA,NA,"success",NA
"WL28","Wl28_FraExc_2020-12-04.laz",415900,0,415900,0,32.52089,32.52089,0,10.1307,10.1307,0,10.51215,10.51215,0,NA,NA,NA,"success",NA
"WL29","WL29_QueRob_2020-12-04.laz",1201613,0,1201613,0,30.0057,30.0057,0,15.69306,15.69306,0,16.83943,16.83943,0,NA,NA,NA,"success",NA
"WL30","WL30_BetPen_2020-12-04.laz",645446,0,645446,0,27.36797,27.36797,0,9.30214,9.30214,0,6.62501,6.62501,0,NA,NA,NA,"success",NA
"WL31","WL31_FagSyl_2020-12-04.laz",611819,0,611819,0,26.66993,26.66993,0,8.09023,8.09023,0,9.91386,9.91386,0,NA,NA,NA,"success",NA
"AD01","AD01_FagSyl_2021-01-08.laz",723951,0,723951,0,28.11699,28.11699,0,10.51799,10.51799,0,11.442,11.442,0,NA,NA,NA,"success",NA
"AD02","AD02_FraExc_2021-01-08.laz",155896,0,155896,0,29.73699,29.73699,0,10.102,10.102,0,9.43299,9.43299,0,NA,NA,NA,"success",NA
"AD04","AD04_AcePse_2021-01-08.laz",123156,0,123156,0,26.107,26.107,0,10.03,10.03,0,7.466,7.466,0,NA,NA,NA,"success",NA
"AD05","AD05_SorAri_2021-01-08.laz",116061,0,116061,0,26.107,26.107,0,9.167,9.167,0,7.581,7.581,0,NA,NA,NA,"success",NA
"AD06","AD06_LarDec_2021-01-08.laz",189165,0,189165,0,29.573,29.573,0,6.774,6.774,0,8.088,8.088,0,NA,NA,NA,"success",NA
"AD07","AD07_LarDec_2021-01-08.laz",247472,0,247472,0,30.032,30.032,0,9.969,9.969,0,8.767,8.767,0,NA,NA,NA,"success",NA
"AD08","AD08_LarDec_2021-01-08.laz",332967,0,332967,0,28.233,28.233,0,7.314,7.314,0,9.978,9.978,0,NA,NA,NA,"success",NA
"AD09","AD09_LarDec_2021-01-08.laz",117358,0,117358,0,28.565,28.565,0,5.36,5.36,0,5.329,5.329,0,NA,NA,NA,"success",NA
"AD10","AD10_SorAri_2021-01-08.laz",174175,0,174175,0,20.29,20.29,0,8.27,8.27,0,7.639,7.639,0,NA,NA,NA,"success",NA
"AD11","AD11_SorAri_2021-01-08.laz",243640,0,243640,0,23.612,23.612,0,7.751,7.751,0,7.79,7.79,0,NA,NA,NA,"success",NA
"AD12","AD12_PinNig_2021-01-08.laz",382803,0,382803,0,28.726,28.726,0,7.155,7.155,0,6.751,6.751,0,NA,NA,NA,"success",NA
"AD13","AD13_FagSyl_2021-01-08.laz",876834,0,876834,0,27.741,27.741,0,14.204,14.204,0,13.823,13.823,0,NA,NA,NA,"success",NA
"AD14","AD14_PinNig_2021-01-08.laz",702505,0,702505,0,29.211,29.211,0,10.306,10.306,0,10.663,10.663,0,NA,NA,NA,"success",NA
"AD15","AD15_PinNig_2021-01-08.laz",474657,0,474657,0,28.463,28.463,0,7.701,7.701,0,9.276,9.276,0,NA,NA,NA,"success",NA
"AD16","AD16_PinNig_2021-01-08.laz",735634,0,735634,0,27.724,27.724,0,9.665,9.665,0,12.897,12.897,0,NA,NA,NA,"success",NA
"AD17","AD17_QuePet_2021-01-08.laz",177595,0,177595,0,27.187,27.187,0,7.02,7.02,0,9.034,9.034,0,NA,NA,NA,"success",NA
"AD18","AD18_PinSyl_2021-01-08.laz",570618,570618,0,100,30.296,NA,NA,7.792,NA,NA,8.774,NA,NA,NA,NA,NA,"success",NA
"AD20","AD20_FraExc_2021-01-08.laz",277513,0,277513,0,30.01,30.01,0,9.464,9.464,0,9.997,9.997,0,NA,NA,NA,"success",NA
"AD21","AD21_PinSyl_2021-01-08.laz",517512,0,517512,0,29.837,29.837,0,6.314,6.314,0,7.3,7.3,0,NA,NA,NA,"success",NA
"AD22","AD22_PinSyl_2021-01-08.laz",229136,0,229136,0,29.072,29.072,0,6.703,6.703,0,6.007,6.007,0,NA,NA,NA,"success",NA
"AD25","AD25_AcePse_2021-01-08.laz",290074,0,290074,0,28.434,28.434,0,9.143,9.143,0,9.421,9.421,0,NA,NA,NA,"success",NA
"AD26","AD26_PinSyl_2021-01-08.laz",306938,0,306938,0,27.667,27.667,0,5.358,5.358,0,6.148,6.148,0,NA,NA,NA,"success",NA
"AD27","AD27_FagSyl_2021-01-08.laz",265017,0,265017,0,26.569,26.569,0,11.052,11.052,0,9.093,9.093,0,NA,NA,NA,"success",NA
"AD28","AD28_AcePse_2021-01-08.laz",134612,0,134612,0,23.203,23.203,0,6.846,6.846,0,8.491,8.491,0,NA,NA,NA,"success",NA
"AD29","AD29_FagSyl_2021-01-08.laz",336584,0,336584,0,31.052,31.052,0,7.898,7.898,0,7.14,7.14,0,NA,NA,NA,"success",NA
"AD30","AD30_Fagsyl_2021-01-08.laz",748882,0,748882,0,29.541,29.541,0,9.682,9.682,0,8.88,8.88,0,NA,NA,NA,"success",NA
"AD31","AD31_FagSyl_2021-01-08.laz",698485,0,698485,0,29.5,29.5,0,10.539,10.539,0,9.95,9.95,0,NA,NA,NA,"success",NA
"AD32","AD32_FagSyl_2021-01-08.laz",604978,0,604978,0,30.413,30.413,0,9.236,9.236,0,10.191,10.191,0,NA,NA,NA,"success",NA
"AD33","AD33_FagSyl_2021-01-08.laz",416671,0,416671,0,29.228,29.228,0,7.853,7.853,0,9.782,9.782,0,NA,NA,NA,"success",NA
