"tree_id","species","successful_measurements","requested_measurements","mean_taper_cm_per_m","linear_taper_cm_per_m","lower_stem_displacement_m","lower_stem_lean_degrees","processing_status","error_message"
"WL01","Picea abies",4,4,2.07133336681653,1.85595780581598,0.12165188854609,1.48267741742784,"success",NA
"WL03","Picea abies",4,4,2.30925808320185,2.1601786926334,0.145510542153912,1.7732931378892,"success",NA
"WL04","Picea abies",4,4,0.304815471550746,-0.00965986808490739,0.257941906130954,3.14131307961831,"success",NA
"WL05","Picea abies",4,4,2.42248194332899,2.3334025527715,0.182421838294857,2.22271439421588,"success",NA
"WL06","Picea abies",4,4,3.89498862698704,3.57609825706336,0.293136549210254,3.56888508514665,"success",NA
"WL07","Picea abies",4,4,2.45997441827927,2.38445521576963,0.127225743280529,1.55057839663526,"success",NA
"WL08","Picea abies",4,4,1.23994720015451,0.977390054059833,0.0957908562907337,1.16758553900654,"success",NA
"WL09","Acer pseudoplatanus",4,4,1.97258572801352,1.96250937984429,0.170378273132021,2.07610281600361,"success",NA
"WL10","Carpinus betulus",4,4,1.28214359151691,1.50045628605257,0.200949519158073,2.44820242538563,"success",NA
"WL11","Acer pseudoplatanus",4,4,1.43246479687186,1.50596101875417,0.359821246347502,4.3778940461394,"success",NA
"WL15","Fagus sylvatica",0,4,NA,NA,NA,NA,"failed","Stem tracking failed and the direct fit did not pass quality control."
"WL16","Fagus sylvatica",0,4,NA,NA,NA,NA,"failed","Stem tracking failed and the direct fit did not pass quality control."
"WL17","Fagus sylvatica",0,4,NA,NA,NA,NA,"failed","Stem tracking failed and the direct fit did not pass quality control."
"WL19","Fagus sylvatica",0,4,NA,NA,NA,NA,"failed","Stem tracking failed and the direct fit did not pass quality control."
"WL20","Fraxinus excelsior",4,4,0.377756168140511,0.202749837716978,0.322911465684437,3.93030540046915,"success",NA
"WL21","Acer pseudoplatanus",4,4,1.47221695331371,1.35263042802793,0.165569908672799,2.01756078976376,"success",NA
"WL24","Acer pseudoplatanus",4,4,2.16626377401039,2.19599251769582,0.19175191419038,2.33627356603617,"success",NA
"WL25","Picea abies",4,4,2.63756437748179,2.52673148254331,0.0215422042631814,0.262610370759097,"success",NA
"WL26","Picea abies",4,4,1.79463593336252,1.6592107366415,0.247216932965923,3.01094587316593,"success",NA
"WL27","Picea abies",4,4,0.940465735393504,0.939474102914776,0.122944921242369,1.49842958495543,"success",NA
"WL32","Betula pendula",4,4,2.4954448665247,2.24889600853405,0.362165587161336,4.40630533884244,"success",NA
"WL33","Carpinus betulus",0,4,NA,NA,NA,NA,"failed","Insufficient points in the DBH slice."
"WL12","Fagus sylvatica",4,4,1.24608342245871,1.25982044814609,0.351412929921956,4.27597520029732,"success",NA
"WL13","Fagus sylvatica",4,4,1.94382845539276,1.87181919919511,0.27356461434971,3.33115600510866,"success",NA
"WL14","Fagus sylvatica",4,4,0.644223918622186,0.544552744114707,0.0680089713552214,0.829011723896197,"success",NA
"WL22","Fraxinus excelsior",4,4,1.57135660442068,1.50271909083966,0.192260498689714,2.34246318188966,"success",NA
"WL28","Fraxinus excelsior",4,4,1.65220773304705,1.77588187589167,0.0918007042156618,1.11896259316954,"success",NA
"WL29","Quercus spp.",4,4,2.94319078270438,2.7545797375367,0.216678802804777,2.63957377084904,"success",NA
"WL30","Betula pendula",4,4,1.92174501652056,1.77952240303019,0.613894741494446,7.44161153662124,"success",NA
"WL31","Fagus sylvatica",4,4,0.837787781322288,0.764788435334137,0.118316947052065,1.44204898800806,"success",NA
"AD01","Fagus sylvatica",4,4,1.66832000692346,1.64987621266419,0.160614037365359,1.95721845262111,"success",NA
"AD02","Fraxinus excelsior",0,4,NA,NA,NA,NA,"failed","Stem tracking failed and the direct fit did not pass quality control."
"AD04","Acer pseudoplatanus",4,4,0.888923662426668,0.878400716198492,0.129598222901861,1.57947875225908,"success",NA
"AD05","Sorbus aria",4,4,0.888923662426668,0.878400716198492,0.129598222901861,1.57947875225908,"success",NA
"AD06","Larix decidua",4,4,1.19008851123016,1.1568468310985,0.159297188948232,1.94118386385819,"success",NA
"AD07","Larix decidua",4,4,1.6415513486165,1.60414016210549,0.37910716970173,4.61155663380071,"success",NA
"AD08","Larix decidua",4,4,1.40032791540171,1.26953701549203,0.264820008577795,3.22490267522174,"success",NA
"AD09","Larix decidua",4,4,1.34337146075523,1.26813051944749,0.313717040757143,3.81873173202623,"success",NA
"AD10","Sorbus aria",4,4,-0.0794720480417767,-0.27994987864248,0.674360449169562,8.16512578817107,"success",NA
"AD11","Sorbus aria",4,4,0.901999436217456,0.928622638318433,0.866574312897261,10.4467287211455,"success",NA
"AD12","Pinus spp.",4,4,2.22047783481304,2.35966883197902,0.141378973976681,1.72297375319921,"success",NA
"AD13","Fagus sylvatica",4,4,1.85352384779361,2.45116456236974,0.490971020997279,5.96359768967415,"success",NA
"AD14","Pinus spp.",4,4,2.18798495601206,2.28856760588904,0.111015509604433,1.35309311345322,"success",NA
"AD15","Pinus spp.",4,4,1.65815004590072,1.65179959047602,0.176495771617708,2.15057731645183,"success",NA
"AD16","Pinus spp.",4,4,1.98213772823343,1.95486147777865,0.257301027323446,3.1335237906725,"success",NA
"AD17","Quercus spp.",4,4,1.09039844655468,1.04661913592234,0.529745497026188,6.43077047273956,"success",NA
"AD18","Pinus spp.",4,4,1.51290862907627,1.53949842363144,0.452931317063757,5.50450275503295,"success",NA
"AD20","Fraxinus excelsior",4,4,-0.326305309706207,-0.278884524312603,0.0831346394141179,1.01335474408005,"success",NA
"AD21","Pinus spp.",4,4,1.52442360050058,1.50367062674815,0.181707134287625,2.21401478404769,"success",NA
"AD22","Pinus spp.",4,4,1.33063425591824,1.36315539035119,0.219899252729175,2.67874845514913,"success",NA
"AD25","Acer pseudoplatanus",4,4,-1.70802475737015,-1.48952199467867,0.4703452707143,5.71476048757286,"success",NA
"AD26","Pinus spp.",4,4,1.99156943349284,2.05684725521337,0.33231704251394,4.04441049211032,"success",NA
"AD27","Fagus sylvatica",4,4,1.24949306613255,1.22730041869613,0.382247320946944,4.64958744283182,"success",NA
"AD28","Acer pseudoplatanus",4,4,0.823412814280312,0.841736742064091,0.175969092977319,2.14416580675015,"success",NA
"AD29","Fagus sylvatica",4,4,0.755181226546449,0.771361932484789,0.15946523596489,1.94323010330088,"success",NA
"AD30","Fagus sylvatica",4,4,0.815938340158969,0.874796861615407,0.197630199388645,2.40781057809738,"success",NA
"AD31","Fagus sylvatica",4,4,1.11905185106613,1.0746705305017,0.27650301516266,3.36685460357663,"success",NA
"AD32","Fagus sylvatica",4,4,1.00481831992097,0.959535510816209,0.241629649243543,2.94301730213014,"success",NA
"AD33","Fagus sylvatica",4,4,0.896209089395288,0.90687642947711,0.153073826273164,1.86540109012706,"success",NA
