"height_lower_m","height_upper_m","height_midpoint_m","point_count","robust_x_width_m","robust_y_width_m","mean_robust_width_m"
0,0.2,0.1,6,0.0102499999999996,0.00300000000000011,0.00662499999999988
0.2,0.4,0.3,154,0.06,0.0500000000000007,0.0550000000000004
0.4,0.6,0.5,958,0.114,0.131999999999998,0.122999999999999
0.6,0.8,0.7,1037,0.131,0.126999999999999,0.128999999999999
0.8,1,0.9,938,0.101,0.152999999999999,0.126999999999999
1,1.2,1.1,998,0.98525,0.283999999999999,0.634624999999999
1.2,1.4,1.3,1078,1.17625,0.676250000000003,0.926250000000001
1.4,1.6,1.5,2411,1.328,1.193,1.2605
1.6,1.8,1.7,5588,0.834,1.239,1.0365
1.8,2,1.9,6325,1.202,1.442,1.322
2,2.2,2.1,5969,0.686,1.295,0.990500000000001
2.2,2.4,2.3,8686,0.518,1.174,0.846
2.4,2.6,2.5,6633,0.737,1.03,0.883499999999999
2.6,2.8,2.7,4697,0.697,0.516999999999999,0.607
2.8,3,2.9,4371,1.4315,0.815000000000001,1.12325
3,3.2,3.1,5903,1.508,1.4,1.454
3.2,3.4,3.3,4286,1.547,1.599,1.573
3.4,3.6,3.5,3321,1.313,2.135,1.724
3.6,3.8,3.7,3123,0.312,1.22,0.766
3.8,4,3.9,5505,0.691,1.169,0.93
4,4.2,4.1,7361,2.672,1.336,2.004
4.2,4.4,4.3,5515,2.7835,1.552,2.16775
4.4,4.6,4.5,4673,4.519,1.339,2.929
4.6,4.8,4.7,5348,4.486,2.293,3.3895
4.8,5,4.9,6564,3.654,1.775,2.7145
5,5.2,5.1,7114,3.84725,1.987,2.917125
5.2,5.4,5.3,6701,2.417,1.784,2.1005
5.4,5.6,5.5,4201,3.424,1.558,2.491
5.6,5.8,5.7,3631,3.569,0.868,2.2185
5.8,6,5.9,7382,3.3,1.756,2.528
6,6.2,6.1,7235,3.2235,2.121,2.67225
6.2,6.4,6.3,6443,3.16,2.319,2.7395
6.4,6.6,6.5,6784,1.847,2.421,2.134
6.6,6.8,6.7,7628,0.427,2.71275,1.569875
6.8,7,6.9,9821,0.637,2.974,1.8055
7,7.2,7.1,13342,0.953,2.92,1.9365
7.2,7.4,7.3,9443,0.899,2.338,1.6185
7.4,7.6,7.5,9514,0.918,1.71225,1.315125
7.6,7.8,7.7,12272,1.062,1.174,1.118
7.8,8,7.9,10158,2.3,0.706000000000001,1.503
8,8.2,8.1,11126,3.13025,1.189,2.159625
8.2,8.4,8.3,10903,3.572,1.039,2.3055
8.4,8.6,8.5,9824,3.24275,1.42575,2.33425
8.6,8.8,8.7,10836,3.098,0.89875,1.998375
8.8,9,8.9,10928,2.90275,1.178,2.040375
9,9.2,9.1,9568,2.58475,1.809,2.196875
9.2,9.4,9.3,9271,2.197,2.098,2.1475
9.4,9.6,9.5,8727,2.3975,1.422,1.90975
9.6,9.8,9.7,8666,0.81425,0.84825,0.83125
9.8,10,9.9,9062,0.66325,1.271,0.967125000000001
10,10.2,10.1,10222,0.78225,1.221,1.001625
10.2,10.4,10.3,11305,0.822,1.36,1.091
10.4,10.6,10.5,9842,0.818,1.2,1.009
10.6,10.8,10.7,8429,1.053,1.037,1.045
10.8,11,10.9,7716,1.198,1.095,1.1465
11,11.2,11.1,6755,1.098,1.198,1.148
11.2,11.4,11.3,5878,1.147,2.52,1.8335
11.4,11.6,11.5,10313,1.109,4.431,2.77
11.6,11.8,11.7,10835,1.431,3.674,2.5525
11.8,12,11.9,8865,1.188,2.905,2.0465
12,12.2,12.1,11242,3.31725,2.491,2.904125
12.2,12.4,12.3,12983,4.021,2.82,3.4205
12.4,12.6,12.5,13486,3.514,3.844,3.679
12.6,12.8,12.7,12354,3.195,3.80925,3.502125
12.8,13,12.9,11110,2.718,3.828,3.273
13,13.2,13.1,11158,2.09325,3.514,2.803625
13.2,13.4,13.3,11329,1.905,2.689,2.297
13.4,13.6,13.5,16197,1.776,2.09,1.933
13.6,13.8,13.7,13314,1.769,2.93325,2.351125
13.8,14,13.9,11121,1.591,3.089,2.34
14,14.2,14.1,10532,1.397,2.592,1.9945
14.2,14.4,14.3,13580,1.716,2.471,2.0935
14.4,14.6,14.5,10896,1.816,2.44775,2.131875
14.6,14.8,14.7,9698,2.442,2.195,2.3185
14.8,15,14.9,12912,2.80675,2.158,2.482375
15,15.2,15.1,12921,4.095,2.41,3.2525
15.2,15.4,15.3,10029,4.571,2.513,3.542
15.4,15.6,15.5,9943,3.579,2.999,3.289
15.6,15.8,15.7,10623,3.504,3.216,3.36
15.8,16,15.9,10506,3.539,3.14225,3.340625
16,16.2,16.1,8289,1.432,3.347,2.3895
16.2,16.4,16.3,7325,1.315,3.252,2.2835
16.4,16.6,16.5,8211,4.278,3.2575,3.76775
16.6,16.8,16.7,7480,2.60575,2.5725,2.589125
16.8,17,16.9,9126,1.27725,2.3505,1.813875
17,17.2,17.1,10457,1.278,2.598,1.938
17.2,17.4,17.3,8935,3.6625,2.574,3.11825
17.4,17.6,17.5,10802,4.24025,3.03125,3.63575
17.6,17.8,17.7,10398,3.89925,3.524,3.711625
17.8,18,17.9,8935,3.9885,4.0475,4.018
18,18.2,18.1,9561,4.553,4.299,4.426
18.2,18.4,18.3,11363,4.1885,3.969,4.07875
18.4,18.6,18.5,13371,3.4825,3.81,3.64625
18.6,18.8,18.7,15942,3.356,3.7265,3.54125
18.8,19,18.9,13733,2.982,3.018,3
19,19.2,19.1,15341,3.702,3.879,3.7905
19.2,19.4,19.3,18344,2.914,4.035,3.4745
19.4,19.6,19.5,20849,3.991,4.182,4.0865
19.6,19.8,19.7,19976,3.931,4.07375,4.002375
19.8,20,19.9,22858,3.303,4.242,3.7725
20,20.2,20.1,18594,3.807,4.247,4.027
20.2,20.4,20.3,20178,2.59125,4.20525,3.39825
20.4,20.6,20.5,20591,2.624,2.895,2.7595
20.6,20.8,20.7,21522,2.82825,3.563,3.195625
20.8,21,20.9,24949,2.663,3.363,3.013
21,21.2,21.1,23831,2.6195,3.721,3.17025
21.2,21.4,21.3,26391,2.885,3.701,3.293
21.4,21.6,21.5,30282,3.041,3.551,3.296
21.6,21.8,21.7,27180,2.938,3.767,3.3525
21.8,22,21.9,27312,2.71675,3.20375,2.96025
22,22.2,22.1,29197,2.46,2.775,2.6175
22.2,22.4,22.3,27037,2.041,2.546,2.2935
22.4,22.6,22.5,26205,2.101,2.46,2.2805
22.6,22.8,22.7,24459,2.0175,2.9085,2.463
22.8,23,22.9,21408,2.34375,3.332,2.837875
23,23.2,23.1,21003,2.17,3.433,2.8015
23.2,23.4,23.3,19500,2.31,2.74,2.525
23.4,23.6,23.5,20457,2.672,2.573,2.6225
23.6,23.8,23.7,19703,2.802,2.109,2.4555
23.8,24,23.9,17924,2.668,2.088,2.378
24,24.2,24.1,15972,2.739,2.041,2.39
24.2,24.4,24.3,12456,2.072,2.28975,2.180875
24.4,24.6,24.5,9523,1.667,2.514,2.0905
24.6,24.8,24.7,6765,1.509,2.475,1.992
24.8,25,24.9,3707,1.3065,1.7475,1.527
25,25.2,25.1,1092,0.906750000000001,1.16975,1.03825
25.2,25.4,25.3,174,0.72925,0.864750000000001,0.797000000000001
25.4,25.6,25.5,9,0.107,0.892999999999997,0.499999999999999
