"hull_vertex","X","Y","farthest_vertex","farthest_distance_m"
1,-14.77796,-26.94807,13,8.69606767214354
2,-14.77956,-26.96407,13,8.69759992081149
3,-14.98949,-27.77014,13,8.68857037849726
4,-15.04776,-27.85157,13,8.65671464127702
5,-15.5099,-28.36352,13,8.39168903476529
6,-15.62196,-28.42056,13,8.30908361721074
7,-17.06927,-28.67307,18,7.34241760997698
8,-20.93771,-29.32058,20,9.68215125304806
9,-21.19741,-29.24519,20,9.78423988304661
10,-21.90246,-28.4514,20,9.66986760099641
11,-23.12531,-25.80447,20,9.10122717115665
12,-23.31037,-25.40128,20,9.09278034931561
13,-23.31059,-25.27003,20,9.03966072731715
14,-22.26333,-24.11677,3,8.13977031018075
15,-21.80539,-23.76694,3,7.90456216687553
16,-15.66134,-21.69478,9,9.36251901002075
17,-15.20509,-21.57978,9,9.72966646142097
18,-15.1865,-21.57615,9,9.74398345389092
19,-15.03004,-21.65011,9,9.78374636441992
20,-15.02634,-21.65248,9,9.78423988304661
21,-14.78248,-22.75206,9,9.12754425362047
