"angle_degrees","directional_width_m"
0,8.53263
1,8.57282642522902
2,8.61515148448208
3,8.65485228513612
4,8.69191673394267
5,8.72633354071157
6,8.75809222175008
7,8.7871831030563
8,8.81359732326598
9,8.83732683635175
10,8.85836441407407
11,8.87670364818295
12,8.89233895237004
13,8.91500736030711
14,8.94487570756618
15,8.97201935903377
16,8.99643004649068
17,9.01810033420506
18,9.03702362119735
19,9.053194143251
20,9.06660697466836
21,9.07725802977104
22,9.08514406414448
23,9.09026267562621
24,9.0926123050376
25,9.10522885271253
26,9.16066607496582
27,9.21331286959132
28,9.26315319986537
29,9.31017188394058
30,9.35435459947026
31,9.39568788797128
32,9.43415915892355
33,9.46975669360526
34,9.50246964866251
35,9.53228805941228
36,9.55920284287781
37,9.58320580055532
38,9.60428962091138
39,9.62244788161007
40,9.63767505146928
41,9.64996649214554
42,9.66651338436575
43,9.69145065588116
44,9.71343581764358
45,9.73246217275978
46,9.74852392561768
47,9.76161618365177
48,9.77173495883342
49,9.7788771688857
50,9.7830406382222
51,9.78422409860988
52,9.78242718955521
53,9.77765045841409
54,9.76989536022511
55,9.75916425726632
56,9.74546041833561
57,9.72878801775509
58,9.70920130680969
59,9.68668459427462
60,9.66121722377511
61,9.63280695291893
62,9.6014624357498
63,9.56719322011128
64,9.53000974473843
65,9.49083100677533
66,9.45087401171017
67,9.40803818886836
68,9.36233658645651
69,9.31378312562544
70,9.26239259622966
71,9.20818065232225
72,9.1511638073865
73,9.0913594293057
74,9.02967223302388
75,8.96906762727192
76,8.90573095663538
77,8.8396815140777
78,8.77093941889891
79,8.69952561060713
80,8.62546184254017
81,8.54877067523923
82,8.46947546957682
83,8.38760037964073
84,8.30317034537648
85,8.21621108499042
86,8.12674908711564
87,8.03481160274334
88,7.94042663692189
89,7.84362294022618
90,7.74443
91,7.64287803137384
92,7.53899796806111
93,7.43282145293538
94,7.32438082839174
95,7.2137091264949
96,7.10084005891736
97,6.98580800667049
98,6.86864800963174
99,6.74939575587118
100,6.66481119734745
101,6.63556922553435
102,6.6046203975966
103,6.57167590575721
104,6.53672961777568
105,6.50679689793463
106,6.4760892883801
107,6.44340899929304
108,6.40876598540611
109,6.4132120470955
110,6.48782998878596
111,6.5604716746128
112,6.63111497721485
113,6.69973837795778
114,6.76632097348896
115,6.83084248210479
116,6.89328324992872
117,6.95367542015909
118,7.01409277518643
119,7.07237356960742
120,7.12850005052747
121,7.18245512127681
122,7.2342223466182
123,7.28378595775333
124,7.3311308571261
125,7.37624262302154
126,7.41910751395874
127,7.45971247287667
128,7.50431134518791
129,7.55041582034509
130,7.59422036570088
131,7.63571163796642
132,7.67487699849822
133,7.71170451714809
134,7.74618297589707
135,7.77830187227264
136,7.8080514225478
137,7.83542256472137
138,7.86786678383902
139,7.92967958645228
140,7.98907693184697
141,8.0460407270163
142,8.10055362023643
143,8.15259900635201
144,8.20216103183426
145,8.25025026001874
146,8.29654831488401
147,8.34031916076209
148,8.38154946462931
149,8.42022666733572
150,8.45633898743069
151,8.48987542475169
152,8.52082576377505
153,8.54918057672767
154,8.57493122645884
155,8.59806986907121
156,8.61858945631008
157,8.63648373771042
158,8.65174726250075
159,8.66437538126357
160,8.67436424735156
161,8.68171081805936
162,8.68641285555035
163,8.68846892753838
164,8.68787840772398
165,8.68464147598523
166,8.68744731775397
167,8.69345633788546
168,8.69681724700104
169,8.6975290213352
170,8.69559144407462
171,8.69100510542409
172,8.68377140242679
173,8.67389253853872
174,8.66137152295753
175,8.64641158933885
176,8.62889909537008
177,8.60875815514683
178,8.58599490379461
179,8.56061627522029
